Source,Target,Type
270,337,Directed
337,1829,Directed
173,400,Directed
173,752,Directed
173,906,Directed
199,12,Directed
199,365,Directed
199,346,Directed
199,511,Directed
199,460,Directed
199,190,Directed
199,145,Directed
199,224,Directed
199,216,Directed
199,575,Directed
199,287,Directed
395,365,Directed
395,346,Directed
395,394,Directed
395,199,Directed
284,12,Directed
284,365,Directed
284,346,Directed
284,216,Directed
284,394,Directed
284,287,Directed
126,324,Directed
126,529,Directed
126,560,Directed
126,105,Directed
126,717,Directed
126,438,Directed
613,354,Directed
29,1062,Directed
29,437,Directed
484,6,Directed
22,115,Directed
22,117,Directed
22,2086,Directed
22,180,Directed
22,212,Directed
22,29,Directed
22,12,Directed
212,29,Directed
212,180,Directed
212,115,Directed
494,6,Directed
186,84,Directed
186,327,Directed
186,105,Directed
324,105,Directed
324,84,Directed
324,186,Directed
509,6,Directed
441,6,Directed
441,215,Directed
421,6,Directed
374,6,Directed
374,22,Directed
583,6,Directed
583,43,Directed
647,6,Directed
643,6,Directed
349,22,Directed
349,2086,Directed
349,6,Directed
349,350,Directed
349,189,Directed
349,74,Directed
653,6,Directed
574,6,Directed
574,43,Directed
585,212,Directed
585,6,Directed
655,6,Directed
648,6,Directed
491,22,Directed
491,6,Directed
491,74,Directed
514,6,Directed
662,6,Directed
671,6,Directed
674,6,Directed
588,6,Directed
588,350,Directed
593,6,Directed
593,203,Directed
669,6,Directed
497,6,Directed
497,257,Directed
497,385,Directed
828,6,Directed
614,1315,Directed
614,1143,Directed
474,6,Directed
474,203,Directed
604,6,Directed
604,215,Directed
685,6,Directed
692,6,Directed
573,6,Directed
573,215,Directed
443,215,Directed
443,6,Directed
443,437,Directed
443,22,Directed
677,6,Directed
645,384,Directed
645,74,Directed
645,6,Directed
645,484,Directed
645,421,Directed
54,2104,Directed
54,378,Directed
54,539,Directed
54,580,Directed
54,620,Directed
310,675,Directed
310,486,Directed
1136,6,Directed
1136,494,Directed
596,6,Directed
596,203,Directed
629,411,Directed
682,6,Directed
679,6,Directed
352,693,Directed
352,708,Directed
352,845,Directed
352,629,Directed
352,644,Directed
352,819,Directed
969,203,Directed
969,6,Directed
415,1468,Directed
415,335,Directed
415,1052,Directed
415,952,Directed
415,900,Directed
415,260,Directed
415,2170,Directed
415,517,Directed
1181,6,Directed
1181,509,Directed
698,6,Directed
370,1712,Directed
905,29,Directed
754,531,Directed
754,1598,Directed
1128,240,Directed
180,29,Directed
549,240,Directed
995,1124,Directed
995,754,Directed
1011,335,Directed
1011,1163,Directed
299,1124,Directed
299,549,Directed
1026,299,Directed
1026,420,Directed
517,335,Directed
517,501,Directed
517,900,Directed
517,705,Directed
260,1244,Directed
260,335,Directed
260,501,Directed
260,1124,Directed
260,420,Directed
260,1193,Directed
260,1086,Directed
260,958,Directed
260,205,Directed
260,614,Directed
260,1076,Directed
952,1193,Directed
958,240,Directed
705,1683,Directed
264,1981,Directed
264,323,Directed
264,358,Directed
264,379,Directed
264,122,Directed
264,2010,Directed
673,29,Directed
673,212,Directed
117,180,Directed
117,29,Directed
117,317,Directed
117,94,Directed
117,411,Directed
169,636,Directed
169,208,Directed
169,612,Directed
258,507,Directed
258,476,Directed
541,6,Directed
538,6,Directed
668,6,Directed
21,115,Directed
21,117,Directed
21,74,Directed
21,215,Directed
21,455,Directed
21,180,Directed
21,212,Directed
21,22,Directed
21,29,Directed
21,2019,Directed
21,290,Directed
21,12,Directed
21,733,Directed
21,417,Directed
21,51,Directed
178,496,Directed
178,78,Directed
178,428,Directed
422,257,Directed
422,6,Directed
422,617,Directed
422,681,Directed
422,818,Directed
422,51,Directed
496,428,Directed
455,29,Directed
455,212,Directed
482,439,Directed
69,1308,Directed
69,258,Directed
69,325,Directed
69,196,Directed
257,29,Directed
257,22,Directed
846,29,Directed
846,22,Directed
570,476,Directed
215,22,Directed
215,257,Directed
215,437,Directed
388,6,Directed
237,423,Directed
237,570,Directed
708,693,Directed
644,835,Directed
644,863,Directed
547,6,Directed
684,487,Directed
167,630,Directed
167,684,Directed
167,12,Directed
167,465,Directed
167,642,Directed
167,168,Directed
167,419,Directed
1074,229,Directed
24,384,Directed
24,74,Directed
24,6,Directed
24,381,Directed
24,2095,Directed
24,2110,Directed
24,1040,Directed
24,748,Directed
24,1913,Directed
24,513,Directed
24,1174,Directed
24,1065,Directed
24,1430,Directed
24,647,Directed
24,1276,Directed
24,497,Directed
24,674,Directed
24,643,Directed
24,1378,Directed
24,1414,Directed
24,349,Directed
24,585,Directed
24,374,Directed
24,474,Directed
24,692,Directed
24,2099,Directed
24,1415,Directed
24,2116,Directed
24,662,Directed
24,1499,Directed
24,583,Directed
24,491,Directed
24,1390,Directed
24,648,Directed
24,1351,Directed
24,679,Directed
24,604,Directed
24,441,Directed
24,443,Directed
24,573,Directed
24,596,Directed
24,677,Directed
24,1357,Directed
24,1356,Directed
24,889,Directed
24,588,Directed
24,1493,Directed
24,1028,Directed
24,421,Directed
24,1372,Directed
24,1154,Directed
24,682,Directed
24,671,Directed
24,2102,Directed
24,698,Directed
24,655,Directed
24,574,Directed
24,669,Directed
24,653,Directed
24,685,Directed
24,821,Directed
24,1255,Directed
24,593,Directed
24,1398,Directed
24,471,Directed
24,617,Directed
24,681,Directed
24,818,Directed
24,568,Directed
24,51,Directed
350,22,Directed
350,542,Directed
350,457,Directed
871,29,Directed
542,29,Directed
457,22,Directed
457,29,Directed
114,2169,Directed
656,746,Directed
376,54,Directed
376,378,Directed
376,1197,Directed
376,869,Directed
376,208,Directed
376,30,Directed
651,113,Directed
273,333,Directed
273,322,Directed
273,235,Directed
333,322,Directed
333,235,Directed
333,275,Directed
794,664,Directed
323,503,Directed
323,571,Directed
323,1716,Directed
323,676,Directed
323,123,Directed
189,29,Directed
776,6,Directed
776,43,Directed
776,541,Directed
881,6,Directed
881,538,Directed
371,2112,Directed
371,609,Directed
371,113,Directed
371,533,Directed
371,659,Directed
385,22,Directed
385,569,Directed
385,189,Directed
569,29,Directed
569,212,Directed
569,22,Directed
568,54,Directed
1096,29,Directed
1096,22,Directed
187,233,Directed
1431,29,Directed
431,1055,Directed
431,12,Directed
431,361,Directed
431,394,Directed
431,145,Directed
431,346,Directed
431,190,Directed
714,6,Directed
58,479,Directed
58,715,Directed
233,982,Directed
233,168,Directed
233,972,Directed
253,532,Directed
253,508,Directed
253,235,Directed
253,273,Directed
253,687,Directed
980,1087,Directed
980,6,Directed
980,385,Directed
980,514,Directed
687,532,Directed
272,275,Directed
426,584,Directed
426,483,Directed
426,145,Directed
426,216,Directed
426,575,Directed
426,143,Directed
470,859,Directed
470,11,Directed
470,52,Directed
470,4,Directed
470,1446,Directed
470,107,Directed
470,331,Directed
383,1779,Directed
383,261,Directed
1332,29,Directed
1389,266,Directed
430,1206,Directed
430,12,Directed
430,922,Directed
430,1528,Directed
430,531,Directed
430,123,Directed
842,68,Directed
109,1375,Directed
109,1212,Directed
109,59,Directed
109,153,Directed
109,1360,Directed
109,372,Directed
109,1376,Directed
109,1045,Directed
109,1349,Directed
109,1328,Directed
109,572,Directed
109,584,Directed
109,167,Directed
109,1036,Directed
109,13,Directed
109,78,Directed
109,430,Directed
109,486,Directed
109,1402,Directed
109,292,Directed
109,559,Directed
109,143,Directed
109,832,Directed
109,431,Directed
109,770,Directed
109,581,Directed
109,426,Directed
109,362,Directed
409,29,Directed
409,388,Directed
409,6,Directed
409,257,Directed
409,189,Directed
953,105,Directed
471,356,Directed
471,29,Directed
471,6,Directed
471,474,Directed
471,969,Directed
652,241,Directed
652,854,Directed
652,131,Directed
652,797,Directed
728,1537,Directed
964,6,Directed
964,547,Directed
770,187,Directed
770,197,Directed
770,233,Directed
309,728,Directed
309,1121,Directed
530,264,Directed
530,1528,Directed
530,1132,Directed
530,379,Directed
530,545,Directed
530,2177,Directed
530,122,Directed
507,601,Directed
533,113,Directed
581,12,Directed
581,1106,Directed
581,1110,Directed
581,1098,Directed
581,500,Directed
500,12,Directed
500,997,Directed
500,652,Directed
500,854,Directed
500,131,Directed
500,797,Directed
797,1133,Directed
832,1995,Directed
832,2011,Directed
948,375,Directed
948,143,Directed
536,464,Directed
536,316,Directed
536,910,Directed
536,440,Directed
344,646,Directed
344,169,Directed
344,975,Directed
344,663,Directed
344,876,Directed
344,864,Directed
344,30,Directed
344,51,Directed
721,69,Directed
721,1146,Directed
721,51,Directed
590,359,Directed
590,759,Directed
590,962,Directed
590,882,Directed
359,874,Directed
359,84,Directed
359,953,Directed
359,1070,Directed
359,261,Directed
359,105,Directed
359,1490,Directed
359,882,Directed
235,322,Directed
903,205,Directed
181,695,Directed
181,11,Directed
181,703,Directed
181,16,Directed
181,389,Directed
181,454,Directed
181,1754,Directed
181,1509,Directed
181,780,Directed
181,255,Directed
181,844,Directed
181,1702,Directed
181,266,Directed
181,238,Directed
181,101,Directed
181,213,Directed
181,320,Directed
181,60,Directed
332,11,Directed
332,90,Directed
332,288,Directed
332,52,Directed
332,218,Directed
332,1446,Directed
332,338,Directed
332,16,Directed
332,403,Directed
332,159,Directed
332,470,Directed
332,331,Directed
663,646,Directed
663,58,Directed
663,30,Directed
876,58,Directed
864,646,Directed
976,872,Directed
502,6,Directed
25,2081,Directed
25,591,Directed
25,475,Directed
25,567,Directed
25,23,Directed
25,452,Directed
25,40,Directed
726,6,Directed
963,114,Directed
1082,482,Directed
892,243,Directed
1107,44,Directed
1301,6,Directed
1301,828,Directed
843,141,Directed
843,6,Directed
328,322,Directed
328,235,Directed
328,273,Directed
328,275,Directed
330,293,Directed
330,253,Directed
330,243,Directed
330,508,Directed
330,892,Directed
330,208,Directed
330,302,Directed
984,654,Directed
238,11,Directed
238,52,Directed
238,218,Directed
238,1840,Directed
238,107,Directed
238,686,Directed
172,25,Directed
172,432,Directed
172,23,Directed
172,72,Directed
172,226,Directed
172,55,Directed
251,25,Directed
251,23,Directed
251,40,Directed
251,72,Directed
251,55,Directed
251,122,Directed
165,251,Directed
165,25,Directed
165,475,Directed
165,808,Directed
621,6,Directed
399,94,Directed
399,601,Directed
399,78,Directed
1460,370,Directed
279,21,Directed
279,180,Directed
279,579,Directed
279,405,Directed
279,51,Directed
504,239,Directed
451,999,Directed
451,54,Directed
451,378,Directed
451,887,Directed
716,872,Directed
716,102,Directed
141,189,Directed
141,457,Directed
141,542,Directed
141,350,Directed
141,43,Directed
141,22,Directed
141,51,Directed
31,21,Directed
31,25,Directed
31,94,Directed
31,140,Directed
31,40,Directed
31,290,Directed
31,367,Directed
31,78,Directed
31,63,Directed
31,248,Directed
31,55,Directed
31,123,Directed
31,851,Directed
31,122,Directed
31,383,Directed
342,405,Directed
342,688,Directed
342,256,Directed
448,912,Directed
448,342,Directed
618,956,Directed
1099,281,Directed
592,3,Directed
884,58,Directed
884,30,Directed
1010,58,Directed
519,94,Directed
519,12,Directed
519,405,Directed
694,54,Directed
694,451,Directed
694,1250,Directed
694,30,Directed
678,54,Directed
678,451,Directed
678,58,Directed
678,807,Directed
916,54,Directed
916,30,Directed
890,30,Directed
890,932,Directed
888,479,Directed
888,58,Directed
1018,30,Directed
779,54,Directed
779,30,Directed
779,807,Directed
787,1250,Directed
787,30,Directed
787,807,Directed
1015,30,Directed
894,30,Directed
894,807,Directed
1024,58,Directed
918,30,Directed
918,330,Directed
1027,30,Directed
913,54,Directed
913,451,Directed
1069,223,Directed
202,172,Directed
202,25,Directed
202,23,Directed
202,226,Directed
1195,631,Directed
1195,12,Directed
42,1003,Directed
42,251,Directed
42,165,Directed
42,31,Directed
42,25,Directed
42,94,Directed
42,23,Directed
42,40,Directed
42,808,Directed
42,2098,Directed
42,56,Directed
42,78,Directed
42,405,Directed
42,279,Directed
42,342,Directed
42,519,Directed
42,448,Directed
42,72,Directed
42,55,Directed
42,163,Directed
42,122,Directed
42,510,Directed
42,793,Directed
2,251,Directed
2,2081,Directed
2,42,Directed
2,165,Directed
2,31,Directed
2,25,Directed
2,23,Directed
2,351,Directed
2,40,Directed
2,281,Directed
2,2098,Directed
2,78,Directed
2,458,Directed
2,14,Directed
2,63,Directed
2,72,Directed
2,248,Directed
2,146,Directed
2,710,Directed
2,62,Directed
2,41,Directed
2,8,Directed
2,55,Directed
2,175,Directed
2,227,Directed
2,123,Directed
2,93,Directed
2,122,Directed
489,189,Directed
489,141,Directed
489,6,Directed
489,43,Directed
489,502,Directed
518,165,Directed
518,78,Directed
518,63,Directed
518,122,Directed
220,950,Directed
220,799,Directed
878,143,Directed
878,311,Directed
243,773,Directed
243,612,Directed
822,6,Directed
822,1043,Directed
822,141,Directed
1214,1327,Directed
1214,40,Directed
1214,1326,Directed
1043,6,Directed
1438,379,Directed
1394,1300,Directed
1394,1612,Directed
936,753,Directed
866,606,Directed
821,6,Directed
1097,689,Directed
1097,181,Directed
1097,1426,Directed
1097,1476,Directed
1097,309,Directed
1097,1541,Directed
1476,1562,Directed
203,189,Directed
203,352,Directed
203,51,Directed
1031,141,Directed
1031,6,Directed
402,6,Directed
402,381,Directed
402,726,Directed
402,409,Directed
402,1051,Directed
402,977,Directed
525,354,Directed
292,1734,Directed
292,1060,Directed
292,2175,Directed
292,1712,Directed
292,2173,Directed
292,2124,Directed
896,606,Directed
74,51,Directed
74,200,Directed
74,54,Directed
74,384,Directed
74,381,Directed
909,1037,Directed
909,6,Directed
102,54,Directed
102,1178,Directed
102,884,Directed
102,807,Directed
102,694,Directed
102,916,Directed
102,1010,Directed
102,1125,Directed
102,1130,Directed
102,1153,Directed
102,890,Directed
102,678,Directed
102,1018,Directed
102,787,Directed
102,779,Directed
102,888,Directed
102,1134,Directed
102,1085,Directed
102,1071,Directed
102,1078,Directed
102,1067,Directed
102,1088,Directed
102,934,Directed
102,1015,Directed
102,1054,Directed
102,894,Directed
102,913,Directed
102,1027,Directed
102,918,Directed
102,1024,Directed
1037,6,Directed
1085,30,Directed
1071,30,Directed
1078,30,Directed
1067,30,Directed
1054,30,Directed
1088,30,Directed
934,54,Directed
934,30,Directed
1260,1346,Directed
1399,1260,Directed
932,54,Directed
932,58,Directed
1422,601,Directed
1117,3,Directed
597,468,Directed
566,503,Directed
566,699,Directed
571,566,Directed
571,690,Directed
207,396,Directed
207,597,Directed
1039,1937,Directed
271,301,Directed
271,356,Directed
271,524,Directed
271,205,Directed
341,630,Directed
341,602,Directed
341,177,Directed
341,190,Directed
400,520,Directed
16,107,Directed
16,520,Directed
16,218,Directed
16,1840,Directed
16,159,Directed
16,303,Directed
16,1446,Directed
16,2048,Directed
16,2025,Directed
16,2012,Directed
43,29,Directed
43,22,Directed
1274,2142,Directed
1274,1107,Directed
1274,1841,Directed
1274,1575,Directed
424,6,Directed
424,381,Directed
424,388,Directed
424,441,Directed
424,489,Directed
1194,12,Directed
1194,1039,Directed
1194,187,Directed
1194,241,Directed
1194,220,Directed
565,482,Directed
565,397,Directed
565,390,Directed
1681,220,Directed
1140,6,Directed
268,2117,Directed
268,265,Directed
101,218,Directed
101,340,Directed
101,2063,Directed
101,2037,Directed
101,2038,Directed
1112,64,Directed
1361,6,Directed
1361,1140,Directed
1607,673,Directed
1607,29,Directed
1269,1285,Directed
987,1112,Directed
987,1602,Directed
196,115,Directed
196,2023,Directed
196,114,Directed
1307,6,Directed
1307,621,Directed
559,2016,Directed
1126,1233,Directed
544,579,Directed
544,56,Directed
544,64,Directed
1388,40,Directed
1388,1951,Directed
1388,636,Directed
967,125,Directed
967,658,Directed
658,253,Directed
658,1126,Directed
658,328,Directed
658,125,Directed
658,84,Directed
998,239,Directed
998,504,Directed
899,550,Directed
899,825,Directed
93,591,Directed
93,327,Directed
93,390,Directed
633,1362,Directed
633,589,Directed
633,125,Directed
633,967,Directed
633,311,Directed
735,531,Directed
735,240,Directed
735,965,Directed
389,90,Directed
389,158,Directed
844,11,Directed
844,52,Directed
1320,1374,Directed
1320,814,Directed
177,459,Directed
64,2066,Directed
986,1143,Directed
986,1722,Directed
986,1657,Directed
140,6,Directed
140,231,Directed
140,579,Directed
140,279,Directed
140,544,Directed
506,543,Directed
326,722,Directed
965,240,Directed
1552,1266,Directed
1056,177,Directed
1056,302,Directed
1108,1820,Directed
63,25,Directed
63,23,Directed
63,499,Directed
63,598,Directed
63,78,Directed
63,248,Directed
63,55,Directed
63,163,Directed
63,123,Directed
63,594,Directed
418,2074,Directed
510,84,Directed
55,25,Directed
55,23,Directed
55,40,Directed
55,281,Directed
55,78,Directed
55,252,Directed
607,2070,Directed
607,2146,Directed
607,243,Directed
833,955,Directed
1,2,Directed
1,25,Directed
1,237,Directed
1,34,Directed
1757,125,Directed
472,304,Directed
1048,564,Directed
1048,477,Directed
817,492,Directed
267,453,Directed
492,177,Directed
923,615,Directed
923,425,Directed
923,1056,Directed
923,656,Directed
923,987,Directed
923,590,Directed
923,536,Directed
923,128,Directed
923,51,Directed
923,371,Directed
1253,6,Directed
175,2018,Directed
175,25,Directed
175,254,Directed
175,40,Directed
175,665,Directed
175,93,Directed
104,101,Directed
139,31,Directed
139,225,Directed
139,140,Directed
139,516,Directed
139,40,Directed
139,78,Directed
139,122,Directed
56,113,Directed
56,64,Directed
56,1442,Directed
306,2128,Directed
306,2018,Directed
306,40,Directed
306,93,Directed
226,25,Directed
226,23,Directed
226,55,Directed
1050,1100,Directed
72,115,Directed
72,25,Directed
72,951,Directed
72,40,Directed
72,78,Directed
72,123,Directed
72,93,Directed
72,122,Directed
72,472,Directed
145,487,Directed
1184,64,Directed
576,862,Directed
576,942,Directed
516,782,Directed
516,48,Directed
84,534,Directed
782,225,Directed
289,2018,Directed
289,40,Directed
289,306,Directed
289,93,Directed
768,267,Directed
768,453,Directed
34,2,Directed
34,165,Directed
34,25,Directed
34,40,Directed
34,2098,Directed
34,237,Directed
34,14,Directed
34,55,Directed
34,175,Directed
34,126,Directed
469,919,Directed
701,552,Directed
701,263,Directed
1231,56,Directed
14,21,Directed
14,2018,Directed
14,2081,Directed
14,518,Directed
14,25,Directed
14,139,Directed
14,40,Directed
14,281,Directed
14,393,Directed
14,56,Directed
14,78,Directed
14,85,Directed
14,469,Directed
14,319,Directed
14,248,Directed
14,146,Directed
14,62,Directed
14,55,Directed
14,175,Directed
14,123,Directed
14,196,Directed
14,93,Directed
14,122,Directed
14,440,Directed
1455,1344,Directed
1455,1423,Directed
8,21,Directed
8,117,Directed
8,388,Directed
8,502,Directed
8,29,Directed
8,1142,Directed
8,2018,Directed
8,2078,Directed
8,31,Directed
8,25,Directed
8,48,Directed
8,40,Directed
8,285,Directed
8,78,Directed
8,306,Directed
8,289,Directed
8,72,Directed
8,55,Directed
8,93,Directed
8,51,Directed
8,1453,Directed
146,40,Directed
146,78,Directed
146,63,Directed
146,1002,Directed
146,55,Directed
146,175,Directed
146,122,Directed
146,2088,Directed
319,202,Directed
319,172,Directed
319,25,Directed
319,23,Directed
319,226,Directed
319,55,Directed
319,175,Directed
458,44,Directed
458,55,Directed
458,198,Directed
1423,1344,Directed
41,202,Directed
41,172,Directed
41,555,Directed
41,399,Directed
41,165,Directed
41,31,Directed
41,25,Directed
41,23,Directed
41,40,Directed
41,927,Directed
41,808,Directed
41,56,Directed
41,78,Directed
41,63,Directed
41,72,Directed
41,226,Directed
41,248,Directed
41,146,Directed
41,8,Directed
41,55,Directed
41,122,Directed
41,540,Directed
710,248,Directed
710,8,Directed
1164,398,Directed
285,1142,Directed
285,2018,Directed
285,289,Directed
285,72,Directed
285,226,Directed
285,55,Directed
1329,1262,Directed
1229,23,Directed
1229,78,Directed
452,943,Directed
184,242,Directed
184,1962,Directed
184,408,Directed
184,873,Directed
184,577,Directed
184,276,Directed
184,301,Directed
184,520,Directed
184,467,Directed
184,64,Directed
184,582,Directed
184,380,Directed
184,369,Directed
184,565,Directed
184,173,Directed
184,51,Directed
184,236,Directed
184,1692,Directed
827,113,Directed
810,113,Directed
744,202,Directed
744,2097,Directed
744,1606,Directed
744,23,Directed
744,161,Directed
1278,522,Directed
62,251,Directed
62,202,Directed
62,165,Directed
62,31,Directed
62,25,Directed
62,23,Directed
62,40,Directed
62,940,Directed
62,2098,Directed
62,78,Directed
62,469,Directed
62,319,Directed
62,63,Directed
62,718,Directed
62,72,Directed
62,146,Directed
62,41,Directed
62,55,Directed
62,227,Directed
62,163,Directed
62,198,Directed
62,368,Directed
128,56,Directed
128,2092,Directed
250,202,Directed
250,1237,Directed
250,399,Directed
250,165,Directed
250,25,Directed
250,23,Directed
250,40,Directed
250,830,Directed
250,796,Directed
250,410,Directed
250,289,Directed
250,72,Directed
250,41,Directed
250,8,Directed
250,55,Directed
250,198,Directed
250,93,Directed
970,553,Directed
718,2018,Directed
718,93,Directed
804,475,Directed
567,804,Directed
467,242,Directed
467,473,Directed
467,266,Directed
467,369,Directed
410,2018,Directed
410,25,Directed
410,40,Directed
410,55,Directed
410,93,Directed
227,165,Directed
227,25,Directed
227,23,Directed
227,351,Directed
227,40,Directed
227,940,Directed
227,55,Directed
227,510,Directed
1425,1057,Directed
1079,723,Directed
1342,125,Directed
150,1561,Directed
150,515,Directed
150,429,Directed
1051,409,Directed
745,619,Directed
745,78,Directed
1374,1341,Directed
277,89,Directed
277,12,Directed
277,445,Directed
277,749,Directed
277,358,Directed
277,258,Directed
277,325,Directed
277,64,Directed
277,440,Directed
1203,6,Directed
461,12,Directed
461,274,Directed
461,353,Directed
461,363,Directed
461,230,Directed
786,29,Directed
225,29,Directed
225,180,Directed
225,670,Directed
225,786,Directed
225,772,Directed
772,29,Directed
670,29,Directed
670,180,Directed
1249,1542,Directed
1249,1616,Directed
1249,1631,Directed
1249,1629,Directed
1249,1594,Directed
1249,1583,Directed
230,12,Directed
230,51,Directed
230,64,Directed
230,2055,Directed
230,1839,Directed
230,274,Directed
230,353,Directed
230,2089,Directed
230,2071,Directed
1006,168,Directed
429,667,Directed
1387,1342,Directed
1387,1531,Directed
1387,262,Directed
1667,169,Directed
741,304,Directed
741,2183,Directed
13,104,Directed
13,364,Directed
13,511,Directed
13,267,Directed
13,199,Directed
13,419,Directed
13,12,Directed
13,460,Directed
13,416,Directed
13,1321,Directed
13,361,Directed
13,298,Directed
13,394,Directed
13,287,Directed
13,365,Directed
13,145,Directed
13,310,Directed
13,80,Directed
13,346,Directed
13,190,Directed
13,216,Directed
13,558,Directed
13,284,Directed
13,575,Directed
13,395,Directed
13,632,Directed
13,637,Directed
13,605,Directed
123,305,Directed
123,252,Directed
380,11,Directed
380,52,Directed
380,4,Directed
380,1446,Directed
720,21,Directed
720,407,Directed
720,254,Directed
720,69,Directed
720,1660,Directed
931,741,Directed
931,550,Directed
556,21,Directed
556,1253,Directed
556,24,Directed
556,402,Directed
556,424,Directed
556,720,Directed
556,837,Directed
556,1017,Directed
298,558,Directed
298,838,Directed
298,145,Directed
313,358,Directed
313,1157,Directed
313,1839,Directed
313,498,Directed
313,307,Directed
313,1068,Directed
313,641,Directed
313,353,Directed
313,363,Directed
582,11,Directed
582,90,Directed
582,52,Directed
582,1446,Directed
357,74,Directed
357,6,Directed
357,12,Directed
357,1148,Directed
357,173,Directed
1674,2176,Directed
127,1270,Directed
127,1188,Directed
127,1789,Directed
231,254,Directed
231,68,Directed
231,1150,Directed
231,325,Directed
231,476,Directed
163,23,Directed
163,1935,Directed
163,55,Directed
163,806,Directed
163,256,Directed
704,423,Directed
704,1545,Directed
586,988,Directed
1489,1700,Directed
1489,316,Directed
699,766,Directed
1061,417,Directed
1131,196,Directed
959,1475,Directed
959,370,Directed
959,51,Directed
959,1484,Directed
959,197,Directed
959,1561,Directed
480,11,Directed
480,52,Directed
480,1446,Directed
355,11,Directed
355,90,Directed
355,52,Directed
355,1446,Directed
837,21,Directed
837,407,Directed
837,1077,Directed
837,1437,Directed
1077,29,Directed
1077,275,Directed
407,1282,Directed
407,1313,Directed
407,1296,Directed
407,1287,Directed
407,1281,Directed
407,1292,Directed
407,1280,Directed
407,1384,Directed
1017,69,Directed
1017,393,Directed
1017,330,Directed
861,1012,Directed
216,781,Directed
353,223,Directed
353,274,Directed
262,1975,Directed
1579,125,Directed
1579,546,Directed
1272,6,Directed
360,992,Directed
360,239,Directed
360,293,Directed
360,368,Directed
369,11,Directed
369,90,Directed
369,52,Directed
369,1446,Directed
877,719,Directed
232,521,Directed
232,242,Directed
232,408,Directed
232,1114,Directed
232,1198,Directed
232,847,Directed
232,1102,Directed
232,391,Directed
232,520,Directed
232,467,Directed
232,1168,Directed
232,64,Directed
232,380,Directed
232,291,Directed
232,1989,Directed
1118,6,Directed
1314,816,Directed
1111,23,Directed
1091,173,Directed
1091,29,Directed
1091,180,Directed
1091,22,Directed
1091,115,Directed
1091,223,Directed
649,217,Directed
649,434,Directed
690,736,Directed
143,434,Directed
143,89,Directed
143,939,Directed
143,1818,Directed
748,6,Directed
748,1028,Directed
748,43,Directed
77,800,Directed
77,326,Directed
77,176,Directed
77,520,Directed
77,145,Directed
1539,723,Directed
361,145,Directed
361,465,Directed
1396,1539,Directed
1396,1932,Directed
1396,723,Directed
1396,1933,Directed
1396,1079,Directed
363,274,Directed
363,353,Directed
80,104,Directed
80,630,Directed
80,12,Directed
80,298,Directed
80,341,Directed
80,177,Directed
80,190,Directed
80,216,Directed
80,558,Directed
1444,762,Directed
1347,375,Directed
1347,145,Directed
1347,143,Directed
1035,114,Directed
742,301,Directed
1409,241,Directed
1409,205,Directed
1409,614,Directed
1029,1035,Directed
895,6,Directed
242,11,Directed
242,90,Directed
242,52,Directed
242,4,Directed
242,1446,Directed
242,16,Directed
242,321,Directed
242,2048,Directed
757,6,Directed
883,1953,Directed
883,119,Directed
883,106,Directed
883,1791,Directed
883,30,Directed
513,189,Directed
513,141,Directed
513,6,Directed
513,757,Directed
432,586,Directed
775,6,Directed
638,1471,Directed
638,21,Directed
638,180,Directed
638,1772,Directed
638,2002,Directed
1450,141,Directed
1450,6,Directed
1450,775,Directed
1109,2155,Directed
1109,1095,Directed
1109,58,Directed
1008,1953,Directed
1008,119,Directed
1008,106,Directed
1008,1911,Directed
791,229,Directed
791,69,Directed
791,173,Directed
1030,1953,Directed
1030,119,Directed
1030,106,Directed
1030,58,Directed
1365,58,Directed
1243,1791,Directed
1243,30,Directed
1239,1791,Directed
1239,30,Directed
1568,169,Directed
1350,58,Directed
1368,58,Directed
707,90,Directed
707,158,Directed
423,1999,Directed
1385,58,Directed
28,2144,Directed
28,1603,Directed
28,1240,Directed
28,2148,Directed
28,1964,Directed
28,2140,Directed
28,2135,Directed
28,2153,Directed
28,2052,Directed
28,1538,Directed
28,2000,Directed
28,1968,Directed
28,1247,Directed
28,1456,Directed
28,2162,Directed
28,1546,Directed
28,2134,Directed
28,1996,Directed
28,2027,Directed
28,2024,Directed
28,1991,Directed
28,1986,Directed
28,1977,Directed
28,1980,Directed
28,1669,Directed
28,1605,Directed
28,1246,Directed
28,2181,Directed
28,134,Directed
28,2149,Directed
28,1973,Directed
28,1992,Directed
28,2147,Directed
28,1512,Directed
28,2179,Directed
28,1665,Directed
28,1540,Directed
28,1695,Directed
28,376,Directed
28,54,Directed
28,1379,Directed
28,1160,Directed
28,1487,Directed
28,1485,Directed
28,1350,Directed
28,1621,Directed
28,911,Directed
28,1243,Directed
28,1239,Directed
28,1008,Directed
28,883,Directed
28,1030,Directed
28,1383,Directed
28,1155,Directed
28,1381,Directed
28,1385,Directed
28,1464,Directed
28,1478,Directed
28,1259,Directed
28,920,Directed
28,1367,Directed
28,1109,Directed
28,1663,Directed
28,1413,Directed
28,1482,Directed
28,1364,Directed
28,1368,Directed
28,1467,Directed
28,1365,Directed
724,90,Directed
724,158,Directed
1381,58,Directed
194,218,Directed
194,520,Directed
194,101,Directed
1383,58,Directed
1367,30,Directed
911,387,Directed
911,119,Directed
911,106,Directed
911,134,Directed
911,1791,Directed
920,387,Directed
920,119,Directed
920,106,Directed
920,134,Directed
920,1791,Directed
1259,1791,Directed
1259,30,Directed
1595,30,Directed
1413,30,Directed
1364,30,Directed
211,616,Directed
211,444,Directed
608,211,Directed
608,727,Directed
214,211,Directed
214,860,Directed
214,444,Directed
214,561,Directed
214,765,Directed
214,858,Directed
765,727,Directed
259,211,Directed
259,444,Directed
259,561,Directed
259,765,Directed
259,858,Directed
622,211,Directed
622,697,Directed
622,259,Directed
622,214,Directed
623,211,Directed
623,697,Directed
623,444,Directed
623,259,Directed
377,211,Directed
377,697,Directed
377,444,Directed
377,623,Directed
377,259,Directed
377,622,Directed
377,214,Directed
377,608,Directed
811,777,Directed
561,1199,Directed
977,6,Directed
977,189,Directed
1087,29,Directed
1155,134,Directed
1155,1791,Directed
1155,30,Directed
1322,125,Directed
1322,1679,Directed
158,159,Directed
1160,1095,Directed
1160,58,Directed
1160,30,Directed
1379,58,Directed
366,742,Directed
366,301,Directed
555,202,Directed
555,1237,Directed
555,25,Directed
555,226,Directed
891,2127,Directed
891,2171,Directed
891,813,Directed
891,1293,Directed
829,1208,Directed
829,290,Directed
829,375,Directed
829,169,Directed
829,205,Directed
94,801,Directed
94,343,Directed
179,12,Directed
179,278,Directed
620,529,Directed
620,208,Directed
73,89,Directed
73,40,Directed
73,12,Directed
73,445,Directed
73,358,Directed
73,792,Directed
73,356,Directed
73,68,Directed
73,1528,Directed
73,64,Directed
73,1049,Directed
73,382,Directed
73,150,Directed
73,1716,Directed
73,1779,Directed
73,2051,Directed
73,366,Directed
73,849,Directed
73,2090,Directed
73,217,Directed
73,244,Directed
73,498,Directed
73,277,Directed
73,758,Directed
73,2083,Directed
73,223,Directed
73,2076,Directed
73,2077,Directed
73,304,Directed
73,2101,Directed
73,1068,Directed
73,767,Directed
73,1014,Directed
73,879,Directed
1401,307,Directed
1411,64,Directed
1574,1518,Directed
1474,1182,Directed
1248,1862,Directed
368,826,Directed
368,205,Directed
495,543,Directed
495,506,Directed
413,2040,Directed
413,783,Directed
174,292,Directed
174,40,Directed
174,1211,Directed
174,264,Directed
174,1439,Directed
174,1122,Directed
174,68,Directed
174,1514,Directed
174,576,Directed
174,1215,Directed
174,1050,Directed
174,84,Directed
174,868,Directed
174,150,Directed
174,709,Directed
174,54,Directed
174,375,Directed
174,1180,Directed
174,1348,Directed
174,115,Directed
174,1411,Directed
174,1503,Directed
174,304,Directed
174,295,Directed
1038,1009,Directed
1348,1122,Directed
1348,12,Directed
59,449,Directed
59,372,Directed
59,153,Directed
213,811,Directed
213,707,Directed
213,724,Directed
213,321,Directed
213,1768,Directed
295,115,Directed
295,40,Directed
295,572,Directed
295,69,Directed
295,393,Directed
295,178,Directed
295,483,Directed
295,64,Directed
295,1763,Directed
295,143,Directed
295,51,Directed
295,311,Directed
961,317,Directed
961,94,Directed
296,373,Directed
296,628,Directed
1144,639,Directed
1208,375,Directed
1208,1427,Directed
1000,855,Directed
739,1580,Directed
372,23,Directed
372,1451,Directed
153,1033,Directed
153,23,Directed
153,1207,Directed
153,1084,Directed
994,23,Directed
336,21,Directed
336,1352,Directed
336,184,Directed
336,1235,Directed
336,188,Directed
336,246,Directed
336,1322,Directed
336,232,Directed
336,1472,Directed
336,461,Directed
336,1284,Directed
336,638,Directed
336,1410,Directed
336,313,Directed
473,11,Directed
473,52,Directed
473,4,Directed
473,446,Directed
449,23,Directed
449,994,Directed
382,543,Directed
382,867,Directed
382,774,Directed
382,506,Directed
382,495,Directed
382,739,Directed
266,11,Directed
266,90,Directed
266,52,Directed
266,1446,Directed
266,159,Directed
266,1702,Directed
1137,416,Directed
1137,1805,Directed
893,12,Directed
893,64,Directed
893,1081,Directed
661,90,Directed
661,218,Directed
661,16,Directed
294,278,Directed
294,12,Directed
1271,1137,Directed
83,1495,Directed
83,21,Directed
83,24,Directed
83,229,Directed
83,1477,Directed
83,824,Directed
83,1290,Directed
83,1912,Directed
83,1222,Directed
83,89,Directed
83,1032,Directed
83,367,Directed
83,178,Directed
83,56,Directed
83,125,Directed
83,750,Directed
83,729,Directed
83,205,Directed
83,891,Directed
83,1524,Directed
83,1019,Directed
83,778,Directed
83,1179,Directed
83,1480,Directed
83,1267,Directed
83,210,Directed
83,1192,Directed
83,1127,Directed
83,1448,Directed
83,1120,Directed
83,1459,Directed
83,1152,Directed
83,734,Directed
83,924,Directed
83,1331,Directed
83,1532,Directed
83,1366,Directed
734,210,Directed
924,210,Directed
1120,210,Directed
1120,734,Directed
1120,924,Directed
1267,210,Directed
1179,1377,Directed
1179,210,Directed
1127,1179,Directed
1127,210,Directed
1127,734,Directed
1127,924,Directed
1459,210,Directed
1331,210,Directed
1331,734,Directed
1636,1623,Directed
1448,210,Directed
161,2154,Directed
161,2106,Directed
161,607,Directed
161,701,Directed
161,1202,Directed
161,817,Directed
161,294,Directed
161,179,Directed
161,1063,Directed
161,272,Directed
161,861,Directed
161,957,Directed
161,262,Directed
161,877,Directed
161,398,Directed
161,492,Directed
161,552,Directed
161,263,Directed
161,362,Directed
161,719,Directed
1397,311,Directed
1397,546,Directed
1066,113,Directed
236,11,Directed
236,90,Directed
236,52,Directed
236,4,Directed
236,218,Directed
236,1446,Directed
236,16,Directed
236,107,Directed
236,159,Directed
236,194,Directed
236,238,Directed
236,686,Directed
236,101,Directed
61,1268,Directed
61,1,Directed
61,553,Directed
61,73,Directed
61,51,Directed
61,169,Directed
61,576,Directed
61,173,Directed
61,345,Directed
61,178,Directed
61,756,Directed
61,254,Directed
61,139,Directed
61,344,Directed
61,21,Directed
61,948,Directed
61,984,Directed
61,1189,Directed
61,842,Directed
61,54,Directed
61,146,Directed
61,1059,Directed
61,556,Directed
61,970,Directed
61,1392,Directed
61,721,Directed
61,174,Directed
61,1404,Directed
61,1323,Directed
61,1333,Directed
61,28,Directed
61,1007,Directed
61,829,Directed
61,109,Directed
61,633,Directed
61,747,Directed
61,1185,Directed
61,466,Directed
61,246,Directed
61,1498,Directed
61,1141,Directed
61,336,Directed
61,878,Directed
61,1397,Directed
61,966,Directed
61,1609,Directed
61,1338,Directed
61,836,Directed
246,21,Directed
246,843,Directed
246,822,Directed
246,881,Directed
246,964,Directed
246,776,Directed
246,1031,Directed
246,513,Directed
246,909,Directed
246,726,Directed
246,422,Directed
246,24,Directed
246,402,Directed
246,424,Directed
246,229,Directed
246,791,Directed
246,1548,Directed
563,696,Directed
563,2079,Directed
563,2056,Directed
758,563,Directed
12,224,Directed
1641,716,Directed
1641,1579,Directed
1641,169,Directed
493,115,Directed
493,229,Directed
493,1219,Directed
493,521,Directed
493,1161,Directed
493,1318,Directed
493,208,Directed
493,93,Directed
1156,1251,Directed
792,301,Directed
1141,367,Directed
1141,750,Directed
1141,778,Directed
1141,546,Directed
1141,83,Directed
706,1075,Directed
408,11,Directed
408,52,Directed
408,4,Directed
408,446,Directed
1333,1466,Directed
1750,704,Directed
1750,425,Directed
1785,871,Directed
1785,29,Directed
1123,1491,Directed
1123,1565,Directed
1123,735,Directed
577,356,Directed
1227,390,Directed
1637,479,Directed
1637,1676,Directed
818,357,Directed
681,357,Directed
681,568,Directed
617,384,Directed
617,357,Directed
617,51,Directed
1729,29,Directed
1729,189,Directed
445,239,Directed
445,1064,Directed
445,223,Directed
1626,1412,Directed
1626,619,Directed
968,254,Directed
968,1116,Directed
968,908,Directed
968,114,Directed
505,217,Directed
505,841,Directed
505,252,Directed
1382,1048,Directed
1382,356,Directed
1382,125,Directed
1382,789,Directed
747,351,Directed
747,40,Directed
747,248,Directed
747,227,Directed
747,122,Directed
747,510,Directed
747,84,Directed
1007,1248,Directed
1007,564,Directed
1007,936,Directed
1007,1169,Directed
1007,397,Directed
1007,477,Directed
1192,1377,Directed
1192,210,Directed
1480,210,Directed
1366,1508,Directed
1366,210,Directed
823,526,Directed
823,12,Directed
823,361,Directed
823,1295,Directed
823,523,Directed
823,1041,Directed
823,1264,Directed
263,525,Directed
263,398,Directed
1668,11,Directed
1668,52,Directed
1668,480,Directed
1678,11,Directed
1678,52,Directed
1678,355,Directed
1659,762,Directed
1659,743,Directed
105,2017,Directed
105,84,Directed
600,798,Directed
396,468,Directed
131,990,Directed
131,296,Directed
131,414,Directed
131,973,Directed
131,625,Directed
249,198,Directed
166,249,Directed
198,848,Directed
68,166,Directed
68,2010,Directed
89,1887,Directed
89,244,Directed
89,713,Directed
89,712,Directed
603,2017,Directed
1716,1528,Directed
1561,1833,Directed
625,168,Directed
325,737,Directed
49,164,Directed
49,185,Directed
49,1706,Directed
49,1613,Directed
49,1104,Directed
49,144,Directed
49,65,Directed
49,130,Directed
49,129,Directed
49,222,Directed
49,71,Directed
49,155,Directed
49,18,Directed
49,182,Directed
49,156,Directed
49,138,Directed
49,170,Directed
49,110,Directed
49,86,Directed
49,1993,Directed
49,121,Directed
49,1748,Directed
49,132,Directed
49,1653,Directed
49,1586,Directed
49,27,Directed
49,195,Directed
49,1739,Directed
49,1837,Directed
49,80,Directed
49,348,Directed
49,1649,Directed
49,53,Directed
49,167,Directed
49,526,Directed
49,1747,Directed
49,1982,Directed
49,5,Directed
49,15,Directed
49,553,Directed
49,1958,Directed
49,13,Directed
49,1898,Directed
49,19,Directed
49,234,Directed
49,702,Directed
49,38,Directed
49,1815,Directed
49,1967,Directed
49,1787,Directed
49,1,Directed
49,37,Directed
49,1925,Directed
49,125,Directed
49,850,Directed
49,1310,Directed
49,154,Directed
49,447,Directed
49,162,Directed
49,127,Directed
49,1721,Directed
49,1749,Directed
49,1894,Directed
49,2031,Directed
49,201,Directed
49,1869,Directed
49,10,Directed
49,898,Directed
49,618,Directed
49,412,Directed
49,9,Directed
49,116,Directed
49,928,Directed
49,1801,Directed
49,67,Directed
49,49,Directed
49,1914,Directed
49,1101,Directed
49,197,Directed
49,1205,Directed
49,36,Directed
49,680,Directed
49,751,Directed
23,2068,Directed
305,270,Directed
572,490,Directed
44,1981,Directed
44,150,Directed
44,666,Directed
44,268,Directed
44,755,Directed
44,522,Directed
44,265,Directed
44,435,Directed
44,1591,Directed
44,261,Directed
44,788,Directed
44,2040,Directed
1528,1849,Directed
435,515,Directed
435,2010,Directed
520,303,Directed
351,2039,Directed
317,343,Directed
317,94,Directed
45,1226,Directed
45,3,Directed
190,364,Directed
190,241,Directed
190,527,Directed
190,287,Directed
190,635,Directed
195,610,Directed
195,77,Directed
195,812,Directed
2012,218,Directed
2012,303,Directed
499,252,Directed
499,535,Directed
2029,2012,Directed
2029,218,Directed
2029,107,Directed
1559,1234,Directed
115,439,Directed
115,208,Directed
115,437,Directed
1442,200,Directed
1442,113,Directed
17,7,Directed
17,3,Directed
1840,2029,Directed
1840,1446,Directed
176,218,Directed
176,16,Directed
176,158,Directed
176,520,Directed
764,200,Directed
7,3,Directed
1496,327,Directed
1496,603,Directed
1446,218,Directed
335,650,Directed
335,420,Directed
283,450,Directed
554,343,Directed
11,2012,Directed
11,2025,Directed
11,16,Directed
11,334,Directed
1440,150,Directed
1440,261,Directed
1226,1417,Directed
1226,3,Directed
591,1129,Directed
1417,3,Directed
501,1461,Directed
501,743,Directed
450,418,Directed
450,261,Directed
297,2143,Directed
90,2012,Directed
90,16,Directed
1509,90,Directed
1509,107,Directed
1509,158,Directed
1509,520,Directed
1818,244,Directed
318,2025,Directed
1885,1820,Directed
841,217,Directed
52,288,Directed
52,318,Directed
52,1702,Directed
4,695,Directed
4,557,Directed
4,404,Directed
4,11,Directed
4,90,Directed
4,2060,Directed
4,2065,Directed
4,2062,Directed
4,2025,Directed
4,218,Directed
4,1446,Directed
4,176,Directed
4,1638,Directed
4,329,Directed
4,16,Directed
4,1840,Directed
4,661,Directed
4,856,Directed
4,107,Directed
4,318,Directed
4,403,Directed
4,159,Directed
4,520,Directed
4,194,Directed
4,454,Directed
4,1753,Directed
4,2030,Directed
4,979,Directed
4,1509,Directed
4,971,Directed
4,780,Directed
4,321,Directed
4,282,Directed
4,760,Directed
4,2048,Directed
4,340,Directed
4,1702,Directed
4,266,Directed
4,2073,Directed
4,238,Directed
4,331,Directed
4,2049,Directed
4,291,Directed
4,2059,Directed
4,985,Directed
4,551,Directed
4,355,Directed
4,480,Directed
4,925,Directed
4,738,Directed
4,204,Directed
4,192,Directed
4,221,Directed
4,60,Directed
60,404,Directed
60,11,Directed
60,90,Directed
60,338,Directed
60,1840,Directed
60,107,Directed
60,158,Directed
2038,90,Directed
2038,218,Directed
2038,16,Directed
2038,340,Directed
2038,2037,Directed
2063,218,Directed
2063,340,Directed
288,2025,Directed
288,218,Directed
288,107,Directed
599,915,Directed
599,267,Directed
767,223,Directed
743,531,Directed
282,60,Directed
404,2072,Directed
915,267,Directed
2037,90,Directed
2037,218,Directed
2037,16,Directed
2037,340,Directed
1768,90,Directed
1768,159,Directed
1768,291,Directed
1234,105,Directed
1234,2034,Directed
1234,84,Directed
1234,2015,Directed
1234,186,Directed
1234,2035,Directed
334,288,Directed
334,218,Directed
334,303,Directed
334,16,Directed
334,107,Directed
334,318,Directed
732,417,Directed
732,316,Directed
732,540,Directed
291,90,Directed
291,218,Directed
291,1509,Directed
338,1753,Directed
672,764,Directed
672,51,Directed
672,1895,Directed
1836,78,Directed
1836,311,Directed
666,783,Directed
1638,1753,Directed
1638,1754,Directed
1638,1768,Directed
729,217,Directed
1754,90,Directed
1754,158,Directed
321,90,Directed
321,158,Directed
780,90,Directed
993,1944,Directed
993,296,Directed
993,241,Directed
993,131,Directed
1832,1776,Directed
548,1187,Directed
548,672,Directed
548,196,Directed
548,114,Directed
548,2010,Directed
650,107,Directed
650,520,Directed
650,1005,Directed
650,991,Directed
32,7,Directed
32,3,Directed
209,90,Directed
209,2105,Directed
209,1840,Directed
209,158,Directed
209,291,Directed
401,40,Directed
401,283,Directed
401,84,Directed
401,413,Directed
401,1113,Directed
401,105,Directed
401,1256,Directed
401,1918,Directed
401,783,Directed
760,90,Directed
307,274,Directed
307,767,Directed
307,363,Directed
307,230,Directed
403,2029,Directed
624,1688,Directed
219,1858,Directed
219,1560,Directed
219,1771,Directed
939,89,Directed
221,90,Directed
221,777,Directed
221,159,Directed
221,213,Directed
551,11,Directed
551,90,Directed
551,288,Directed
551,52,Directed
551,4,Directed
551,1446,Directed
551,318,Directed
280,7,Directed
280,3,Directed
454,11,Directed
454,90,Directed
454,16,Directed
925,90,Directed
925,218,Directed
925,282,Directed
87,26,Directed
87,17,Directed
87,95,Directed
87,142,Directed
87,32,Directed
87,7,Directed
87,3,Directed
695,90,Directed
695,454,Directed
329,11,Directed
329,90,Directed
329,52,Directed
329,935,Directed
329,520,Directed
329,1753,Directed
26,17,Directed
26,1656,Directed
26,142,Directed
26,47,Directed
26,280,Directed
26,32,Directed
26,528,Directed
26,50,Directed
26,7,Directed
26,88,Directed
26,75,Directed
26,45,Directed
26,3,Directed
856,52,Directed
856,107,Directed
192,11,Directed
192,338,Directed
192,107,Directed
192,282,Directed
192,2072,Directed
192,108,Directed
686,288,Directed
686,218,Directed
686,935,Directed
686,318,Directed
463,168,Directed
463,937,Directed
463,1289,Directed
331,11,Directed
331,90,Directed
331,16,Directed
331,159,Directed
331,255,Directed
907,1845,Directed
907,729,Directed
907,1158,Directed
907,169,Directed
907,252,Directed
907,2055,Directed
314,26,Directed
314,1167,Directed
314,1946,Directed
314,2082,Directed
314,1083,Directed
314,456,Directed
314,865,Directed
314,595,Directed
314,17,Directed
314,1504,Directed
314,280,Directed
314,740,Directed
314,7,Directed
314,3,Directed
557,695,Directed
557,11,Directed
557,52,Directed
557,4,Directed
557,218,Directed
557,16,Directed
557,454,Directed
100,17,Directed
100,7,Directed
100,1652,Directed
100,3,Directed
204,404,Directed
204,11,Directed
204,338,Directed
204,107,Directed
204,403,Directed
204,282,Directed
204,108,Directed
738,11,Directed
738,338,Directed
738,107,Directed
738,403,Directed
738,282,Directed
111,87,Directed
111,17,Directed
111,47,Directed
111,7,Directed
111,3,Directed
124,17,Directed
124,7,Directed
124,3,Directed
456,92,Directed
456,26,Directed
456,1330,Directed
456,17,Directed
456,280,Directed
456,740,Directed
456,7,Directed
456,3,Directed
1167,26,Directed
1167,17,Directed
1167,280,Directed
1167,7,Directed
1167,3,Directed
92,79,Directed
92,112,Directed
92,26,Directed
92,118,Directed
92,124,Directed
92,98,Directed
92,87,Directed
92,1334,Directed
92,17,Directed
92,95,Directed
92,100,Directed
92,111,Directed
92,103,Directed
92,142,Directed
92,96,Directed
92,148,Directed
92,171,Directed
92,157,Directed
92,76,Directed
92,99,Directed
92,135,Directed
92,152,Directed
92,47,Directed
92,82,Directed
92,32,Directed
92,50,Directed
92,7,Directed
92,91,Directed
92,88,Directed
92,160,Directed
92,183,Directed
92,147,Directed
92,120,Directed
92,626,Directed
92,75,Directed
92,136,Directed
92,45,Directed
92,3,Directed
118,17,Directed
118,32,Directed
118,7,Directed
118,3,Directed
98,17,Directed
98,2129,Directed
98,32,Directed
98,7,Directed
98,3,Directed
39,1167,Directed
39,1946,Directed
39,314,Directed
39,1083,Directed
39,456,Directed
39,865,Directed
39,17,Directed
39,1504,Directed
39,280,Directed
39,740,Directed
39,7,Directed
39,3,Directed
1138,90,Directed
1138,16,Directed
320,1165,Directed
320,971,Directed
320,1345,Directed
320,1138,Directed
1330,26,Directed
1330,595,Directed
1330,17,Directed
1330,280,Directed
1330,740,Directed
1330,7,Directed
1330,3,Directed
96,32,Directed
96,1520,Directed
96,7,Directed
96,88,Directed
96,3,Directed
95,17,Directed
95,7,Directed
95,91,Directed
95,626,Directed
95,3,Directed
865,26,Directed
865,595,Directed
865,17,Directed
865,280,Directed
865,740,Directed
865,7,Directed
865,3,Directed
1241,131,Directed
2060,90,Directed
2060,218,Directed
2060,2030,Directed
446,520,Directed
2030,90,Directed
2030,16,Directed
2030,282,Directed
1888,1999,Directed
1888,548,Directed
1888,114,Directed
50,142,Directed
50,76,Directed
50,152,Directed
50,32,Directed
50,7,Directed
50,149,Directed
50,3,Directed
47,280,Directed
47,740,Directed
47,7,Directed
47,3,Directed
691,2067,Directed
691,1016,Directed
691,1957,Directed
691,1806,Directed
691,921,Directed
691,1263,Directed
691,592,Directed
740,7,Directed
740,3,Directed
1207,23,Directed
1083,26,Directed
1083,17,Directed
1083,280,Directed
1083,740,Directed
1083,7,Directed
1083,3,Directed
2055,1845,Directed
2055,252,Directed
2062,90,Directed
2062,218,Directed
2062,2030,Directed
1732,7,Directed
1732,3,Directed
1520,7,Directed
1520,1770,Directed
1520,3,Directed
345,763,Directed
345,217,Directed
345,434,Directed
345,211,Directed
345,377,Directed
345,214,Directed
345,239,Directed
345,2131,Directed
345,54,Directed
345,1170,Directed
345,1836,Directed
345,1190,Directed
345,366,Directed
345,414,Directed
345,619,Directed
345,78,Directed
345,785,Directed
345,1021,Directed
345,145,Directed
345,654,Directed
345,143,Directed
345,311,Directed
345,466,Directed
345,745,Directed
345,546,Directed
46,241,Directed
46,389,Directed
46,209,Directed
46,282,Directed
46,60,Directed
1319,90,Directed
857,113,Directed
1065,6,Directed
954,2091,Directed
954,90,Directed
954,1840,Directed
954,158,Directed
954,291,Directed
300,1191,Directed
300,981,Directed
300,834,Directed
300,239,Directed
300,504,Directed
300,1151,Directed
300,1479,Directed
300,1570,Directed
300,1578,Directed
300,1573,Directed
300,1571,Directed
300,1618,Directed
300,1500,Directed
269,278,Directed
269,12,Directed
269,481,Directed
188,2069,Directed
188,242,Directed
188,761,Directed
188,473,Directed
188,408,Directed
188,12,Directed
188,577,Directed
188,805,Directed
188,983,Directed
188,520,Directed
188,400,Directed
188,1528,Directed
188,64,Directed
188,380,Directed
188,1213,Directed
188,369,Directed
188,51,Directed
188,355,Directed
188,732,Directed
75,7,Directed
75,3,Directed
1946,26,Directed
1946,17,Directed
1946,96,Directed
1946,82,Directed
1946,280,Directed
1946,32,Directed
1946,50,Directed
1946,7,Directed
1946,149,Directed
1946,3,Directed
136,1784,Directed
136,7,Directed
136,3,Directed
91,1799,Directed
91,7,Directed
91,3,Directed
149,96,Directed
149,82,Directed
149,7,Directed
149,88,Directed
149,1226,Directed
149,1645,Directed
149,45,Directed
149,3,Directed
1142,2018,Directed
700,1204,Directed
700,917,Directed
76,142,Directed
76,135,Directed
76,47,Directed
76,740,Directed
76,7,Directed
76,91,Directed
76,75,Directed
76,3,Directed
135,32,Directed
135,7,Directed
135,3,Directed
312,1324,Directed
312,651,Directed
312,56,Directed
312,200,Directed
312,113,Directed
312,1066,Directed
312,810,Directed
312,827,Directed
312,545,Directed
312,857,Directed
312,1166,Directed
983,12,Directed
1940,1744,Directed
466,94,Directed
466,163,Directed
466,143,Directed
466,660,Directed
466,360,Directed
790,1042,Directed
82,1732,Directed
82,32,Directed
82,1520,Directed
82,7,Directed
82,3,Directed
1871,1832,Directed
1871,1776,Directed
88,1226,Directed
88,45,Directed
88,3,Directed
2065,90,Directed
2065,218,Directed
2065,2030,Directed
1645,3,Directed
2051,434,Directed
1889,700,Directed
1889,917,Directed
805,12,Directed
805,400,Directed
805,173,Directed
1236,3,Directed
108,11,Directed
108,52,Directed
108,4,Directed
108,218,Directed
108,1446,Directed
108,16,Directed
108,1840,Directed
108,97,Directed
1770,3,Directed
481,1844,Directed
481,1159,Directed
641,12,Directed
641,1839,Directed
641,274,Directed
641,307,Directed
641,230,Directed
992,317,Directed
992,94,Directed
528,1417,Directed
528,32,Directed
528,7,Directed
528,1645,Directed
528,75,Directed
528,1770,Directed
528,45,Directed
528,3,Directed
793,94,Directed
793,475,Directed
793,290,Directed
594,706,Directed
985,218,Directed
985,194,Directed
97,90,Directed
97,329,Directed
97,158,Directed
97,954,Directed
97,1754,Directed
97,1319,Directed
97,209,Directed
97,1509,Directed
97,760,Directed
97,255,Directed
97,213,Directed
97,320,Directed
97,60,Directed
48,514,Directed
48,1118,Directed
48,714,Directed
48,775,Directed
48,1065,Directed
48,895,Directed
48,509,Directed
48,621,Directed
48,538,Directed
48,547,Directed
48,484,Directed
48,494,Directed
48,541,Directed
48,757,Directed
48,668,Directed
152,7,Directed
152,3,Directed
1034,437,Directed
1034,40,Directed
1034,439,Directed
1034,208,Directed
598,790,Directed
1799,7,Directed
1799,3,Directed
99,47,Directed
99,32,Directed
99,1784,Directed
99,50,Directed
99,7,Directed
99,75,Directed
99,136,Directed
99,2120,Directed
99,3,Directed
1677,197,Directed
1334,17,Directed
1334,103,Directed
1334,47,Directed
1334,7,Directed
1334,3,Directed
120,103,Directed
120,1504,Directed
120,47,Directed
120,280,Directed
120,50,Directed
120,7,Directed
120,3,Directed
1783,1726,Directed
1201,354,Directed
142,135,Directed
142,32,Directed
142,7,Directed
142,88,Directed
142,160,Directed
142,75,Directed
142,149,Directed
142,45,Directed
142,2120,Directed
142,3,Directed
147,280,Directed
147,50,Directed
147,7,Directed
147,3,Directed
1080,2130,Directed
1080,1720,Directed
1080,1642,Directed
1080,2043,Directed
2049,218,Directed
2049,255,Directed
1045,23,Directed
1504,47,Directed
1504,280,Directed
1504,7,Directed
1504,91,Directed
1504,3,Directed
157,32,Directed
157,7,Directed
157,3,Directed
1784,7,Directed
436,1407,Directed
436,1523,Directed
436,1534,Directed
436,1522,Directed
436,1317,Directed
436,1492,Directed
436,1371,Directed
436,1533,Directed
436,1517,Directed
436,1527,Directed
436,23,Directed
436,1257,Directed
1905,1940,Directed
1905,1907,Directed
1905,1826,Directed
85,202,Directed
85,1237,Directed
85,165,Directed
85,25,Directed
85,23,Directed
85,40,Directed
85,830,Directed
85,1105,Directed
85,796,Directed
85,410,Directed
85,289,Directed
85,72,Directed
85,41,Directed
85,8,Directed
85,55,Directed
85,198,Directed
85,93,Directed
85,1740,Directed
85,122,Directed
85,472,Directed
2083,2051,Directed
2083,495,Directed
1895,1889,Directed
1895,700,Directed
1145,285,Directed
1145,93,Directed
247,463,Directed
247,168,Directed
160,3,Directed
938,1496,Directed
938,105,Directed
1500,94,Directed
1758,1651,Directed
886,949,Directed
990,1339,Directed
103,47,Directed
103,7,Directed
103,1687,Directed
103,626,Directed
103,75,Directed
103,3,Directed
1855,2080,Directed
1855,2096,Directed
191,599,Directed
191,219,Directed
1647,1630,Directed
1647,1689,Directed
339,3,Directed
339,17,Directed
339,45,Directed
1400,3,Directed
392,826,Directed
392,241,Directed
392,131,Directed
392,1304,Directed
991,107,Directed
991,520,Directed
611,351,Directed
611,283,Directed
611,1496,Directed
611,84,Directed
611,186,Directed
427,1694,Directed
171,7,Directed
171,3,Directed
1242,1149,Directed
2059,2029,Directed
2059,218,Directed
2059,1446,Directed
183,3,Directed
2019,317,Directed
2019,94,Directed
1237,285,Directed
1237,8,Directed
2071,12,Directed
2071,274,Directed
2071,2089,Directed
148,7,Directed
148,1226,Directed
148,45,Directed
148,3,Directed
1135,1779,Directed
57,1751,Directed
57,179,Directed
57,127,Directed
57,128,Directed
937,168,Directed
1005,107,Directed
1005,520,Directed
38,1200,Directed
38,2167,Directed
38,1697,Directed
38,228,Directed
38,886,Directed
38,1873,Directed
38,1228,Directed
38,297,Directed
38,946,Directed
38,1217,Directed
38,974,Directed
38,114,Directed
206,938,Directed
206,584,Directed
206,433,Directed
206,611,Directed
206,1254,Directed
206,186,Directed
680,302,Directed
680,751,Directed
1174,6,Directed
761,11,Directed
761,90,Directed
761,52,Directed
761,4,Directed
761,218,Directed
761,1446,Directed
761,446,Directed
112,3,Directed
112,17,Directed
112,339,Directed
1630,1689,Directed
1656,7,Directed
1656,624,Directed
1656,3,Directed
2073,16,Directed
2073,1702,Directed
2073,2049,Directed
2093,3,Directed
626,47,Directed
626,7,Directed
626,3,Directed
1892,168,Directed
37,247,Directed
37,1432,Directed
37,1406,Directed
37,1434,Directed
37,1436,Directed
37,1172,Directed
37,1283,Directed
37,1162,Directed
37,224,Directed
37,51,Directed
406,2050,Directed
406,312,Directed
406,914,Directed
406,113,Directed
406,1210,Directed
406,810,Directed
406,827,Directed
406,465,Directed
406,1602,Directed
406,1139,Directed
406,857,Directed
595,79,Directed
595,112,Directed
595,26,Directed
595,118,Directed
595,124,Directed
595,98,Directed
595,87,Directed
595,1334,Directed
595,17,Directed
595,95,Directed
595,100,Directed
595,111,Directed
595,103,Directed
595,142,Directed
595,96,Directed
595,148,Directed
595,171,Directed
595,157,Directed
595,76,Directed
595,99,Directed
595,135,Directed
595,152,Directed
595,47,Directed
595,82,Directed
595,32,Directed
595,50,Directed
595,7,Directed
595,91,Directed
595,88,Directed
595,160,Directed
595,183,Directed
595,147,Directed
595,120,Directed
595,626,Directed
595,75,Directed
595,136,Directed
595,45,Directed
595,3,Directed
771,316,Directed
771,654,Directed
771,205,Directed
771,930,Directed
771,945,Directed
1213,11,Directed
1213,52,Directed
1213,4,Directed
1028,6,Directed
1028,43,Directed
1687,3,Directed
1040,6,Directed
1052,1483,Directed
1052,900,Directed
1052,260,Directed
1052,517,Directed
900,501,Directed
900,705,Directed
1712,831,Directed
1163,1454,Directed
1163,335,Directed
1163,240,Directed
2095,6,Directed
2095,22,Directed
2110,6,Directed
1913,22,Directed
1913,6,Directed
1430,203,Directed
1430,6,Directed
1276,22,Directed
1276,6,Directed
1276,385,Directed
1378,6,Directed
1378,141,Directed
1414,6,Directed
1414,141,Directed
2099,6,Directed
2099,203,Directed
1415,6,Directed
2116,6,Directed
2116,374,Directed
1499,6,Directed
1390,6,Directed
1351,6,Directed
1357,6,Directed
1356,6,Directed
889,22,Directed
889,6,Directed
889,74,Directed
889,421,Directed
889,374,Directed
1493,6,Directed
1372,6,Directed
1372,141,Directed
1154,6,Directed
1154,189,Directed
1154,141,Directed
2102,6,Directed
2102,203,Directed
1255,6,Directed
1255,203,Directed
1398,6,Directed
1398,203,Directed
2112,113,Directed
483,2053,Directed
483,2087,Directed
483,2156,Directed
483,2005,Directed
483,2126,Directed
483,3,Directed
859,11,Directed
859,90,Directed
859,52,Directed
859,4,Directed
859,1582,Directed
859,218,Directed
859,1446,Directed
859,321,Directed
1206,23,Directed
922,433,Directed
922,799,Directed
922,610,Directed
1375,23,Directed
1212,23,Directed
1212,153,Directed
1360,59,Directed
1376,23,Directed
1328,244,Directed
1328,309,Directed
1402,208,Directed
1402,709,Directed
1995,2004,Directed
1995,2032,Directed
1995,2036,Directed
1995,2007,Directed
1995,2028,Directed
1995,1023,Directed
1995,1952,Directed
1995,1775,Directed
1995,1373,Directed
1995,3,Directed
1995,1997,Directed
2011,1810,Directed
2011,562,Directed
2011,2075,Directed
2011,1775,Directed
2011,1928,Directed
2011,3,Directed
703,11,Directed
703,16,Directed
703,159,Directed
703,389,Directed
703,1165,Directed
703,971,Directed
703,321,Directed
703,255,Directed
703,985,Directed
2081,23,Directed
2081,248,Directed
1734,1762,Directed
1734,1846,Directed
2124,370,Directed
2124,2173,Directed
2142,2168,Directed
1841,1221,Directed
1841,1998,Directed
1575,1294,Directed
589,866,Directed
589,903,Directed
589,293,Directed
589,275,Directed
589,896,Directed
589,1147,Directed
589,360,Directed
2066,2125,Directed
2070,1715,Directed
2070,387,Directed
2070,119,Directed
2070,106,Directed
2070,200,Directed
2078,25,Directed
2078,40,Directed
2078,78,Directed
2078,498,Directed
1453,2115,Directed
2088,2121,Directed
1962,11,Directed
1962,52,Directed
1962,4,Directed
1962,218,Directed
1962,1446,Directed
1962,446,Directed
873,11,Directed
873,52,Directed
873,4,Directed
873,218,Directed
873,446,Directed
276,11,Directed
276,90,Directed
276,52,Directed
276,4,Directed
276,218,Directed
276,176,Directed
276,303,Directed
276,16,Directed
276,856,Directed
276,107,Directed
276,318,Directed
276,403,Directed
276,159,Directed
276,194,Directed
276,885,Directed
276,331,Directed
1692,52,Directed
1692,4,Directed
2097,202,Directed
2097,172,Directed
2097,25,Directed
2097,1606,Directed
2097,23,Directed
2097,226,Directed
2097,55,Directed
1606,272,Directed
1606,23,Directed
1606,1723,Directed
1321,12,Directed
1321,364,Directed
1321,1515,Directed
1321,394,Directed
1321,512,Directed
1660,606,Directed
2176,302,Directed
2176,1720,Directed
1188,1781,Directed
1789,1188,Directed
1975,1976,Directed
1168,1359,Directed
1989,11,Directed
1989,52,Directed
1989,4,Directed
1772,1813,Directed
2144,387,Directed
2144,119,Directed
2144,106,Directed
2144,134,Directed
2144,1791,Directed
1603,1095,Directed
1603,58,Directed
1240,387,Directed
1240,119,Directed
1240,106,Directed
1240,134,Directed
1240,1791,Directed
2148,387,Directed
2148,119,Directed
2148,106,Directed
2148,134,Directed
2148,1791,Directed
1964,387,Directed
1964,119,Directed
1964,106,Directed
1964,134,Directed
1964,1791,Directed
2140,387,Directed
2140,119,Directed
2140,106,Directed
2140,134,Directed
2140,1791,Directed
2135,119,Directed
2135,106,Directed
2135,134,Directed
2135,1791,Directed
2153,387,Directed
2153,119,Directed
2153,106,Directed
2153,134,Directed
2153,1791,Directed
2052,1715,Directed
2052,119,Directed
2052,106,Directed
1538,1791,Directed
1538,30,Directed
2000,387,Directed
2000,119,Directed
2000,106,Directed
1968,387,Directed
1968,119,Directed
1968,106,Directed
1968,134,Directed
1968,1791,Directed
1247,387,Directed
1247,119,Directed
1247,106,Directed
1247,134,Directed
1247,1791,Directed
1456,134,Directed
1456,1791,Directed
1456,30,Directed
1546,1095,Directed
1546,58,Directed
2134,119,Directed
2134,106,Directed
2134,134,Directed
2134,1791,Directed
1991,30,Directed
1986,106,Directed
1986,1791,Directed
1977,1715,Directed
1977,119,Directed
1977,106,Directed
1977,1911,Directed
1980,119,Directed
1980,106,Directed
1980,1911,Directed
1669,1791,Directed
1669,30,Directed
1605,30,Directed
1246,387,Directed
1246,119,Directed
1246,106,Directed
1246,134,Directed
1246,1791,Directed
134,30,Directed
2149,1715,Directed
2149,119,Directed
2149,106,Directed
1973,387,Directed
1973,119,Directed
1973,106,Directed
1973,134,Directed
1973,1791,Directed
1992,58,Directed
2147,1715,Directed
2147,119,Directed
2147,106,Directed
1512,1715,Directed
1512,119,Directed
1512,106,Directed
2179,119,Directed
2179,106,Directed
1665,1941,Directed
1665,30,Directed
1540,1715,Directed
1540,119,Directed
1540,106,Directed
1621,30,Directed
387,1941,Directed
387,1715,Directed
616,1073,Directed
616,860,Directed
616,727,Directed
2171,2172,Directed
2171,1998,Directed
2090,2077,Directed
2090,2111,Directed
2076,2109,Directed
2076,12,Directed
2076,64,Directed
2101,2051,Directed
1439,68,Directed
1180,947,Directed
1009,631,Directed
1009,1353,Directed
1009,208,Directed
1352,307,Directed
1235,1576,Directed
1235,223,Directed
1235,51,Directed
1410,363,Directed
1410,307,Directed
1495,665,Directed
1495,897,Directed
1495,1506,Directed
1477,257,Directed
1477,505,Directed
824,505,Directed
824,1275,Directed
824,393,Directed
824,1567,Directed
824,173,Directed
1290,505,Directed
1290,554,Directed
1912,660,Directed
1912,1971,Directed
1912,360,Directed
1222,1038,Directed
1222,417,Directed
1222,554,Directed
1222,236,Directed
1019,265,Directed
1019,1408,Directed
1019,114,Directed
1019,1029,Directed
1152,1267,Directed
1152,210,Directed
1152,1192,Directed
1152,1120,Directed
1152,734,Directed
1152,924,Directed
2106,2150,Directed
2106,1923,Directed
2106,243,Directed
2106,1063,Directed
2106,200,Directed
1268,1611,Directed
1268,1627,Directed
1268,1899,Directed
1268,1625,Directed
1404,1590,Directed
1404,1633,Directed
1404,1654,Directed
1323,177,Directed
1323,612,Directed
1185,649,Directed
1185,696,Directed
1185,163,Directed
1185,123,Directed
1185,535,Directed
1185,143,Directed
966,94,Directed
966,716,Directed
966,163,Directed
966,169,Directed
966,143,Directed
966,660,Directed
836,1745,Directed
836,205,Directed
836,1057,Directed
836,143,Directed
836,926,Directed
836,1156,Directed
2056,2079,Directed
2056,297,Directed
2056,2157,Directed
2056,2132,Directed
2056,2133,Directed
526,419,Directed
526,397,Directed
523,1516,Directed
523,23,Directed
523,361,Directed
523,1295,Directed
523,416,Directed
523,526,Directed
523,12,Directed
523,1393,Directed
523,362,Directed
1041,1244,Directed
1041,12,Directed
1041,255,Directed
1264,12,Directed
1264,362,Directed
164,79,Directed
164,112,Directed
164,26,Directed
164,39,Directed
164,118,Directed
164,124,Directed
164,98,Directed
164,87,Directed
164,1334,Directed
164,17,Directed
164,95,Directed
164,100,Directed
164,111,Directed
164,103,Directed
164,142,Directed
164,96,Directed
164,148,Directed
164,171,Directed
164,157,Directed
164,76,Directed
164,99,Directed
164,135,Directed
164,152,Directed
164,47,Directed
164,82,Directed
164,32,Directed
164,50,Directed
164,7,Directed
164,91,Directed
164,88,Directed
164,160,Directed
164,183,Directed
164,147,Directed
164,120,Directed
164,626,Directed
164,75,Directed
164,136,Directed
164,45,Directed
164,802,Directed
164,3,Directed
185,79,Directed
185,112,Directed
185,26,Directed
185,39,Directed
185,118,Directed
185,124,Directed
185,98,Directed
185,87,Directed
185,1334,Directed
185,17,Directed
185,95,Directed
185,100,Directed
185,111,Directed
185,103,Directed
185,142,Directed
185,96,Directed
185,148,Directed
185,171,Directed
185,157,Directed
185,76,Directed
185,99,Directed
185,135,Directed
185,152,Directed
185,47,Directed
185,82,Directed
185,32,Directed
185,50,Directed
185,7,Directed
185,91,Directed
185,88,Directed
185,160,Directed
185,183,Directed
185,147,Directed
185,120,Directed
185,626,Directed
185,75,Directed
185,136,Directed
185,149,Directed
185,45,Directed
185,802,Directed
185,3,Directed
1706,79,Directed
1706,112,Directed
1706,26,Directed
1706,39,Directed
1706,118,Directed
1706,124,Directed
1706,98,Directed
1706,87,Directed
1706,1334,Directed
1706,17,Directed
1706,95,Directed
1706,100,Directed
1706,111,Directed
1706,103,Directed
1706,142,Directed
1706,96,Directed
1706,148,Directed
1706,171,Directed
1706,157,Directed
1706,76,Directed
1706,99,Directed
1706,135,Directed
1706,152,Directed
1706,47,Directed
1706,82,Directed
1706,32,Directed
1706,50,Directed
1706,7,Directed
1706,91,Directed
1706,88,Directed
1706,160,Directed
1706,183,Directed
1706,147,Directed
1706,120,Directed
1706,626,Directed
1706,75,Directed
1706,136,Directed
1706,45,Directed
1706,3,Directed
1613,79,Directed
1613,112,Directed
1613,26,Directed
1613,39,Directed
1613,118,Directed
1613,124,Directed
1613,98,Directed
1613,87,Directed
1613,1334,Directed
1613,17,Directed
1613,95,Directed
1613,100,Directed
1613,111,Directed
1613,103,Directed
1613,142,Directed
1613,96,Directed
1613,148,Directed
1613,171,Directed
1613,157,Directed
1613,76,Directed
1613,99,Directed
1613,135,Directed
1613,152,Directed
1613,47,Directed
1613,82,Directed
1613,32,Directed
1613,50,Directed
1613,7,Directed
1613,91,Directed
1613,88,Directed
1613,160,Directed
1613,183,Directed
1613,147,Directed
1613,120,Directed
1613,626,Directed
1613,75,Directed
1613,136,Directed
1613,45,Directed
1613,3,Directed
1104,79,Directed
1104,112,Directed
1104,26,Directed
1104,39,Directed
1104,118,Directed
1104,124,Directed
1104,98,Directed
1104,87,Directed
1104,1334,Directed
1104,17,Directed
1104,95,Directed
1104,100,Directed
1104,111,Directed
1104,103,Directed
1104,142,Directed
1104,96,Directed
1104,148,Directed
1104,171,Directed
1104,157,Directed
1104,76,Directed
1104,99,Directed
1104,135,Directed
1104,152,Directed
1104,47,Directed
1104,82,Directed
1104,32,Directed
1104,50,Directed
1104,7,Directed
1104,91,Directed
1104,88,Directed
1104,160,Directed
1104,183,Directed
1104,147,Directed
1104,120,Directed
1104,626,Directed
1104,75,Directed
1104,136,Directed
1104,45,Directed
1104,3,Directed
144,79,Directed
144,112,Directed
144,26,Directed
144,39,Directed
144,118,Directed
144,124,Directed
144,98,Directed
144,87,Directed
144,1334,Directed
144,17,Directed
144,95,Directed
144,100,Directed
144,111,Directed
144,103,Directed
144,142,Directed
144,96,Directed
144,148,Directed
144,171,Directed
144,2054,Directed
144,157,Directed
144,76,Directed
144,99,Directed
144,135,Directed
144,152,Directed
144,47,Directed
144,82,Directed
144,32,Directed
144,50,Directed
144,7,Directed
144,91,Directed
144,88,Directed
144,160,Directed
144,183,Directed
144,147,Directed
144,120,Directed
144,626,Directed
144,75,Directed
144,136,Directed
144,45,Directed
144,802,Directed
144,3,Directed
65,79,Directed
65,112,Directed
65,26,Directed
65,39,Directed
65,2166,Directed
65,1822,Directed
65,118,Directed
65,124,Directed
65,98,Directed
65,87,Directed
65,1334,Directed
65,17,Directed
65,95,Directed
65,100,Directed
65,111,Directed
65,103,Directed
65,142,Directed
65,96,Directed
65,148,Directed
65,171,Directed
65,157,Directed
65,76,Directed
65,99,Directed
65,135,Directed
65,152,Directed
65,47,Directed
65,82,Directed
65,32,Directed
65,50,Directed
65,7,Directed
65,91,Directed
65,88,Directed
65,160,Directed
65,183,Directed
65,147,Directed
65,120,Directed
65,626,Directed
65,75,Directed
65,136,Directed
65,45,Directed
65,802,Directed
65,3,Directed
130,79,Directed
130,112,Directed
130,26,Directed
130,39,Directed
130,118,Directed
130,124,Directed
130,98,Directed
130,1959,Directed
130,87,Directed
130,1334,Directed
130,17,Directed
130,95,Directed
130,100,Directed
130,111,Directed
130,103,Directed
130,142,Directed
130,96,Directed
130,148,Directed
130,171,Directed
130,157,Directed
130,76,Directed
130,99,Directed
130,135,Directed
130,152,Directed
130,47,Directed
130,82,Directed
130,32,Directed
130,50,Directed
130,7,Directed
130,91,Directed
130,88,Directed
130,160,Directed
130,183,Directed
130,147,Directed
130,120,Directed
130,626,Directed
130,75,Directed
130,136,Directed
130,45,Directed
130,802,Directed
130,3,Directed
129,79,Directed
129,112,Directed
129,26,Directed
129,39,Directed
129,118,Directed
129,124,Directed
129,98,Directed
129,87,Directed
129,1334,Directed
129,17,Directed
129,95,Directed
129,100,Directed
129,111,Directed
129,103,Directed
129,142,Directed
129,96,Directed
129,148,Directed
129,171,Directed
129,157,Directed
129,76,Directed
129,99,Directed
129,135,Directed
129,152,Directed
129,47,Directed
129,82,Directed
129,32,Directed
129,50,Directed
129,7,Directed
129,91,Directed
129,88,Directed
129,160,Directed
129,183,Directed
129,147,Directed
129,120,Directed
129,626,Directed
129,75,Directed
129,136,Directed
129,45,Directed
129,802,Directed
129,3,Directed
222,79,Directed
222,112,Directed
222,26,Directed
222,39,Directed
222,118,Directed
222,124,Directed
222,98,Directed
222,87,Directed
222,1334,Directed
222,17,Directed
222,95,Directed
222,100,Directed
222,111,Directed
222,103,Directed
222,142,Directed
222,96,Directed
222,148,Directed
222,171,Directed
222,157,Directed
222,76,Directed
222,99,Directed
222,135,Directed
222,152,Directed
222,47,Directed
222,82,Directed
222,32,Directed
222,50,Directed
222,7,Directed
222,91,Directed
222,88,Directed
222,160,Directed
222,183,Directed
222,147,Directed
222,120,Directed
222,626,Directed
222,75,Directed
222,136,Directed
222,45,Directed
222,3,Directed
71,79,Directed
71,112,Directed
71,26,Directed
71,39,Directed
71,118,Directed
71,124,Directed
71,98,Directed
71,87,Directed
71,1334,Directed
71,17,Directed
71,95,Directed
71,100,Directed
71,111,Directed
71,103,Directed
71,142,Directed
71,1865,Directed
71,1924,Directed
71,1867,Directed
71,96,Directed
71,148,Directed
71,171,Directed
71,157,Directed
71,76,Directed
71,99,Directed
71,135,Directed
71,152,Directed
71,47,Directed
71,82,Directed
71,32,Directed
71,50,Directed
71,7,Directed
71,91,Directed
71,88,Directed
71,160,Directed
71,183,Directed
71,147,Directed
71,120,Directed
71,626,Directed
71,75,Directed
71,136,Directed
71,149,Directed
71,45,Directed
71,802,Directed
71,3,Directed
155,79,Directed
155,112,Directed
155,26,Directed
155,39,Directed
155,118,Directed
155,124,Directed
155,98,Directed
155,2001,Directed
155,87,Directed
155,1334,Directed
155,17,Directed
155,95,Directed
155,100,Directed
155,111,Directed
155,103,Directed
155,142,Directed
155,96,Directed
155,148,Directed
155,171,Directed
155,157,Directed
155,76,Directed
155,99,Directed
155,135,Directed
155,152,Directed
155,47,Directed
155,82,Directed
155,32,Directed
155,50,Directed
155,7,Directed
155,91,Directed
155,88,Directed
155,160,Directed
155,183,Directed
155,147,Directed
155,120,Directed
155,626,Directed
155,75,Directed
155,136,Directed
155,45,Directed
155,802,Directed
155,3,Directed
18,1831,Directed
18,79,Directed
18,112,Directed
18,26,Directed
18,39,Directed
18,1507,Directed
18,1834,Directed
18,989,Directed
18,118,Directed
18,1872,Directed
18,124,Directed
18,98,Directed
18,941,Directed
18,1861,Directed
18,87,Directed
18,1334,Directed
18,1823,Directed
18,17,Directed
18,95,Directed
18,100,Directed
18,111,Directed
18,103,Directed
18,142,Directed
18,1865,Directed
18,1924,Directed
18,1867,Directed
18,96,Directed
18,1848,Directed
18,148,Directed
18,1949,Directed
18,171,Directed
18,1920,Directed
18,157,Directed
18,76,Directed
18,99,Directed
18,135,Directed
18,152,Directed
18,47,Directed
18,82,Directed
18,32,Directed
18,50,Directed
18,7,Directed
18,91,Directed
18,88,Directed
18,160,Directed
18,183,Directed
18,147,Directed
18,120,Directed
18,626,Directed
18,75,Directed
18,136,Directed
18,149,Directed
18,45,Directed
18,802,Directed
18,3,Directed
182,79,Directed
182,112,Directed
182,26,Directed
182,39,Directed
182,1507,Directed
182,118,Directed
182,124,Directed
182,98,Directed
182,2085,Directed
182,87,Directed
182,1334,Directed
182,17,Directed
182,95,Directed
182,100,Directed
182,111,Directed
182,103,Directed
182,142,Directed
182,96,Directed
182,1848,Directed
182,148,Directed
182,1949,Directed
182,171,Directed
182,1920,Directed
182,2160,Directed
182,157,Directed
182,76,Directed
182,99,Directed
182,135,Directed
182,152,Directed
182,47,Directed
182,82,Directed
182,32,Directed
182,50,Directed
182,7,Directed
182,91,Directed
182,88,Directed
182,160,Directed
182,183,Directed
182,147,Directed
182,120,Directed
182,626,Directed
182,75,Directed
182,136,Directed
182,45,Directed
182,3,Directed
156,79,Directed
156,112,Directed
156,26,Directed
156,39,Directed
156,118,Directed
156,124,Directed
156,98,Directed
156,87,Directed
156,1334,Directed
156,17,Directed
156,95,Directed
156,100,Directed
156,111,Directed
156,103,Directed
156,142,Directed
156,96,Directed
156,148,Directed
156,171,Directed
156,157,Directed
156,76,Directed
156,99,Directed
156,135,Directed
156,152,Directed
156,47,Directed
156,82,Directed
156,32,Directed
156,50,Directed
156,7,Directed
156,91,Directed
156,88,Directed
156,160,Directed
156,183,Directed
156,147,Directed
156,120,Directed
156,626,Directed
156,75,Directed
156,136,Directed
156,45,Directed
156,3,Directed
138,79,Directed
138,112,Directed
138,26,Directed
138,39,Directed
138,118,Directed
138,124,Directed
138,98,Directed
138,87,Directed
138,1334,Directed
138,17,Directed
138,95,Directed
138,100,Directed
138,111,Directed
138,103,Directed
138,142,Directed
138,96,Directed
138,148,Directed
138,171,Directed
138,157,Directed
138,76,Directed
138,99,Directed
138,135,Directed
138,152,Directed
138,47,Directed
138,82,Directed
138,32,Directed
138,50,Directed
138,7,Directed
138,91,Directed
138,88,Directed
138,160,Directed
138,183,Directed
138,147,Directed
138,120,Directed
138,626,Directed
138,75,Directed
138,136,Directed
138,45,Directed
138,802,Directed
138,3,Directed
170,79,Directed
170,112,Directed
170,26,Directed
170,39,Directed
170,118,Directed
170,124,Directed
170,98,Directed
170,87,Directed
170,1334,Directed
170,17,Directed
170,95,Directed
170,100,Directed
170,111,Directed
170,103,Directed
170,142,Directed
170,96,Directed
170,148,Directed
170,171,Directed
170,157,Directed
170,76,Directed
170,99,Directed
170,135,Directed
170,152,Directed
170,47,Directed
170,82,Directed
170,32,Directed
170,50,Directed
170,7,Directed
170,91,Directed
170,88,Directed
170,160,Directed
170,183,Directed
170,147,Directed
170,120,Directed
170,626,Directed
170,75,Directed
170,136,Directed
170,45,Directed
170,3,Directed
110,79,Directed
110,112,Directed
110,26,Directed
110,39,Directed
110,118,Directed
110,124,Directed
110,98,Directed
110,1972,Directed
110,87,Directed
110,1334,Directed
110,17,Directed
110,95,Directed
110,100,Directed
110,111,Directed
110,103,Directed
110,142,Directed
110,96,Directed
110,148,Directed
110,171,Directed
110,1920,Directed
110,157,Directed
110,76,Directed
110,99,Directed
110,135,Directed
110,152,Directed
110,47,Directed
110,82,Directed
110,32,Directed
110,50,Directed
110,7,Directed
110,91,Directed
110,88,Directed
110,160,Directed
110,183,Directed
110,147,Directed
110,120,Directed
110,626,Directed
110,75,Directed
110,136,Directed
110,45,Directed
110,3,Directed
86,3,Directed
86,414,Directed
86,1610,Directed
86,1850,Directed
86,1988,Directed
86,1759,Directed
86,1608,Directed
86,1795,Directed
86,1917,Directed
86,1746,Directed
86,2094,Directed
86,1186,Directed
86,1945,Directed
86,1530,Directed
1993,3,Directed
1993,229,Directed
121,193,Directed
121,1572,Directed
121,1798,Directed
121,1599,Directed
1748,1915,Directed
1748,1856,Directed
132,1963,Directed
132,1965,Directed
132,23,Directed
132,1277,Directed
132,195,Directed
132,433,Directed
132,77,Directed
132,1936,Directed
132,265,Directed
132,1549,Directed
132,559,Directed
132,587,Directed
1653,12,Directed
1653,2009,Directed
1653,151,Directed
1653,1752,Directed
1653,2013,Directed
1653,1310,Directed
1586,1930,Directed
1586,220,Directed
27,302,Directed
27,852,Directed
27,46,Directed
27,197,Directed
27,296,Directed
27,414,Directed
27,680,Directed
27,628,Directed
27,1767,Directed
27,1473,Directed
348,1752,Directed
348,1593,Directed
348,245,Directed
348,125,Directed
348,1890,Directed
348,51,Directed
348,197,Directed
1649,1950,Directed
53,272,Directed
53,1705,Directed
53,273,Directed
53,235,Directed
53,328,Directed
53,537,Directed
53,333,Directed
53,552,Directed
53,2026,Directed
53,2044,Directed
53,1286,Directed
1747,1939,Directed
1747,1708,Directed
5,1044,Directed
5,1529,Directed
5,40,Directed
5,1232,Directed
5,12,Directed
5,44,Directed
5,1600,Directed
5,683,Directed
5,296,Directed
5,206,Directed
5,125,Directed
5,1842,Directed
5,281,Directed
5,666,Directed
5,973,Directed
5,1837,Directed
5,1769,Directed
5,485,Directed
5,178,Directed
5,316,Directed
5,1857,Directed
5,293,Directed
5,1238,Directed
5,1671,Directed
5,1827,Directed
5,283,Directed
5,902,Directed
5,1558,Directed
5,1032,Directed
5,578,Directed
5,413,Directed
5,750,Directed
5,1780,Directed
5,1796,Directed
5,1672,Directed
5,812,Directed
5,256,Directed
5,488,Directed
5,1617,Directed
5,1947,Directed
5,478,Directed
5,1793,Directed
15,1620,Directed
15,1807,Directed
15,1879,Directed
15,1658,Directed
15,1719,Directed
15,1554,Directed
15,1494,Directed
15,1691,Directed
15,795,Directed
15,1727,Directed
15,1851,Directed
15,1429,Directed
15,1868,Directed
15,1765,Directed
15,1445,Directed
15,1680,Directed
15,1628,Directed
15,1666,Directed
15,1881,Directed
15,1860,Directed
15,1883,Directed
15,1782,Directed
15,1403,Directed
15,1816,Directed
15,1835,Directed
15,1655,Directed
15,1433,Directed
15,933,Directed
15,1619,Directed
15,1843,Directed
1958,40,Directed
1958,125,Directed
1958,1058,Directed
1898,125,Directed
1898,1205,Directed
19,1926,Directed
19,66,Directed
19,1004,Directed
19,23,Directed
19,2158,Directed
19,244,Directed
19,20,Directed
19,37,Directed
19,33,Directed
19,880,Directed
19,197,Directed
234,267,Directed
234,1046,Directed
234,1970,Directed
702,20,Directed
702,1624,Directed
1787,229,Directed
1310,850,Directed
154,1724,Directed
154,151,Directed
154,1703,Directed
154,1709,Directed
154,224,Directed
154,1696,Directed
447,1252,Directed
447,12,Directed
447,364,Directed
447,216,Directed
447,642,Directed
162,1714,Directed
162,1230,Directed
162,392,Directed
162,425,Directed
162,397,Directed
162,298,Directed
162,960,Directed
1721,1752,Directed
1721,1934,Directed
1721,1938,Directed
2031,51,Directed
2031,978,Directed
201,1743,Directed
201,315,Directed
201,2061,Directed
201,1874,Directed
201,1943,Directed
1869,1902,Directed
10,35,Directed
10,1802,Directed
10,69,Directed
10,1742,Directed
10,1171,Directed
10,2008,Directed
412,1961,Directed
412,1927,Directed
412,1956,Directed
412,1955,Directed
412,1954,Directed
9,104,Directed
9,1854,Directed
9,197,Directed
9,1751,Directed
9,1882,Directed
9,1904,Directed
9,1878,Directed
9,77,Directed
9,145,Directed
9,1486,Directed
9,168,Directed
9,262,Directed
9,1892,Directed
9,1900,Directed
9,347,Directed
9,1884,Directed
9,81,Directed
9,326,Directed
9,1862,Directed
9,1893,Directed
116,1830,Directed
116,197,Directed
116,12,Directed
116,1853,Directed
116,125,Directed
116,850,Directed
116,51,Directed
116,1205,Directed
116,1792,Directed
116,1306,Directed
116,1877,Directed
116,1866,Directed
116,1310,Directed
116,1811,Directed
116,1852,Directed
116,1632,Directed
928,2152,Directed
928,615,Directed
928,51,Directed
1801,104,Directed
67,2019,Directed
67,343,Directed
67,2164,Directed
67,217,Directed
67,239,Directed
67,521,Directed
67,847,Directed
67,1288,Directed
67,1909,Directed
67,1983,Directed
67,2145,Directed
67,1725,Directed
67,1966,Directed
67,554,Directed
67,2141,Directed
1101,195,Directed
1101,1232,Directed
1101,179,Directed
1101,37,Directed
1101,104,Directed
1101,1919,Directed
1101,751,Directed
36,286,Directed
36,1391,Directed
36,631,Directed
36,265,Directed
36,640,Directed
36,1584,Directed
36,131,Directed
36,1673,Directed
36,1457,Directed
36,1589,Directed
36,1581,Directed
1591,1738,Directed
1944,23,Directed
1560,2118,Directed
1560,1771,Directed
1560,2114,Directed
2082,26,Directed
2082,595,Directed
2082,17,Directed
2082,280,Directed
2082,32,Directed
2082,740,Directed
2082,7,Directed
2082,3,Directed
79,3,Directed
79,17,Directed
79,339,Directed
79,45,Directed
79,112,Directed
79,1662,Directed
79,1635,Directed
1016,2067,Directed
1016,2064,Directed
1016,1806,Directed
1016,1245,Directed
1016,921,Directed
1016,261,Directed
1016,186,Directed
1957,2006,Directed
1957,1985,Directed
1957,2014,Directed
1957,2022,Directed
1957,1990,Directed
1957,2113,Directed
1957,1994,Directed
1957,2020,Directed
1957,2100,Directed
1957,1984,Directed
763,649,Directed
763,217,Directed
763,2178,Directed
763,223,Directed
1324,51,Directed
1166,1135,Directed
2120,3,Directed
1726,1764,Directed
2130,12,Directed
2130,1642,Directed
1720,1774,Directed
1642,2161,Directed
1642,1774,Directed
1642,628,Directed
1317,1407,Directed
1317,1371,Directed
1907,239,Directed
1907,927,Directed
1907,2119,Directed
1907,1812,Directed
1826,12,Directed
1826,1812,Directed
2096,2080,Directed
228,1710,Directed
228,268,Directed
228,914,Directed
228,297,Directed
228,949,Directed
228,784,Directed
228,974,Directed
1228,908,Directed
1228,1737,Directed
974,946,Directed
2050,278,Directed
2050,294,Directed
2050,179,Directed
2050,200,Directed
2050,269,Directed
1210,113,Directed
1210,1511,Directed
1210,533,Directed
1139,1335,Directed
1139,587,Directed
2053,2136,Directed
2053,2137,Directed
2053,2139,Directed
2053,2138,Directed
2053,2087,Directed
2053,2021,Directed
2053,2005,Directed
2053,2126,Directed
2087,2137,Directed
2087,2139,Directed
2004,1023,Directed
2004,1952,Directed
2004,2045,Directed
2004,562,Directed
2004,3,Directed
2032,1023,Directed
2032,1952,Directed
2032,562,Directed
2032,3,Directed
2036,1023,Directed
2036,1952,Directed
2036,562,Directed
2036,3,Directed
2007,2004,Directed
2007,2042,Directed
2007,2047,Directed
2007,1023,Directed
2007,1952,Directed
2007,2045,Directed
2007,562,Directed
2007,3,Directed
2028,1023,Directed
2028,1952,Directed
2028,562,Directed
2028,3,Directed
1023,562,Directed
1023,1775,Directed
1023,3,Directed
1952,1023,Directed
1952,562,Directed
1952,1775,Directed
1952,3,Directed
1775,3,Directed
1997,3,Directed
562,1775,Directed
562,1928,Directed
562,3,Directed
1762,1797,Directed
1998,2033,Directed
1998,2182,Directed
1998,1903,Directed
885,288,Directed
885,1446,Directed
885,16,Directed
885,1840,Directed
885,159,Directed
885,686,Directed
2172,2165,Directed
947,464,Directed
947,240,Directed
947,1561,Directed
1353,64,Directed
1576,366,Directed
1923,713,Directed
1899,524,Directed
1899,1804,Directed
1899,1463,Directed
2157,2079,Directed
2132,2151,Directed
2132,2079,Directed
2132,297,Directed
2132,2133,Directed
2133,2163,Directed
2133,297,Directed
1516,23,Directed
802,1732,Directed
802,7,Directed
802,3,Directed
2054,142,Directed
2054,1417,Directed
2054,47,Directed
2054,32,Directed
2054,7,Directed
2054,1687,Directed
2054,75,Directed
2054,45,Directed
2054,1838,Directed
2054,3,Directed
2166,26,Directed
2166,142,Directed
2166,50,Directed
2166,7,Directed
2166,88,Directed
2166,3,Directed
1822,1929,Directed
1822,17,Directed
1822,47,Directed
1822,32,Directed
1822,7,Directed
1822,3,Directed
1959,17,Directed
1959,1824,Directed
1959,76,Directed
1959,32,Directed
1959,528,Directed
1959,50,Directed
1959,7,Directed
1959,3,Directed
1865,1864,Directed
1865,7,Directed
1865,3,Directed
1924,7,Directed
1924,3,Directed
1867,1864,Directed
1867,7,Directed
1867,3,Directed
2001,17,Directed
2001,1824,Directed
2001,76,Directed
2001,32,Directed
2001,528,Directed
2001,7,Directed
2001,3,Directed
1831,3,Directed
1831,17,Directed
1831,339,Directed
1831,45,Directed
1831,1662,Directed
1831,1635,Directed
1507,17,Directed
1507,1803,Directed
1507,47,Directed
1507,32,Directed
1507,7,Directed
1507,1687,Directed
1507,3,Directed
1834,17,Directed
1834,32,Directed
1834,7,Directed
1834,3,Directed
989,839,Directed
989,1910,Directed
989,339,Directed
989,26,Directed
989,17,Directed
989,1417,Directed
989,47,Directed
989,32,Directed
989,7,Directed
989,75,Directed
989,149,Directed
989,45,Directed
989,3,Directed
1872,17,Directed
1872,7,Directed
1872,3,Directed
941,26,Directed
941,17,Directed
941,1803,Directed
941,142,Directed
941,47,Directed
941,32,Directed
941,528,Directed
941,50,Directed
941,7,Directed
941,1687,Directed
941,75,Directed
941,149,Directed
941,45,Directed
941,3,Directed
1861,17,Directed
1861,7,Directed
1861,3,Directed
1823,941,Directed
1823,17,Directed
1823,32,Directed
1823,528,Directed
1823,7,Directed
1823,3,Directed
1848,1987,Directed
1848,1979,Directed
1848,7,Directed
1848,3,Directed
1949,7,Directed
1949,45,Directed
1949,3,Directed
1920,7,Directed
1920,45,Directed
1920,3,Directed
2085,1507,Directed
2085,17,Directed
2085,1803,Directed
2085,95,Directed
2085,32,Directed
2085,7,Directed
2085,626,Directed
2085,3,Directed
2160,1417,Directed
2160,32,Directed
2160,7,Directed
2160,3,Directed
1972,17,Directed
1972,50,Directed
1972,7,Directed
1972,1645,Directed
1972,45,Directed
1972,3,Directed
1610,3,Directed
1610,2058,Directed
1850,3,Directed
1850,1610,Directed
1850,1608,Directed
1850,1186,Directed
1988,3,Directed
1988,624,Directed
1759,3,Directed
1759,1608,Directed
1759,1186,Directed
1608,3,Directed
1608,1186,Directed
1608,2058,Directed
1795,3,Directed
1795,1610,Directed
1795,1759,Directed
1795,1608,Directed
1795,1746,Directed
1795,1186,Directed
1795,1530,Directed
1917,3,Directed
1746,3,Directed
2094,3,Directed
2094,414,Directed
2094,1610,Directed
2094,1759,Directed
2094,1608,Directed
2094,1746,Directed
2094,1186,Directed
2094,1945,Directed
2094,1530,Directed
1186,3,Directed
1945,1795,Directed
1945,1186,Directed
1945,1530,Directed
1530,3,Directed
1530,1610,Directed
1530,1759,Directed
1530,1608,Directed
1530,1746,Directed
1530,1186,Directed
1530,2058,Directed
193,1699,Directed
193,1544,Directed
193,627,Directed
193,1501,Directed
193,427,Directed
193,1690,Directed
193,1305,Directed
1572,427,Directed
1599,427,Directed
1915,1856,Directed
1915,195,Directed
1856,393,Directed
1963,23,Directed
1549,433,Directed
1549,1294,Directed
2009,12,Directed
151,1569,Directed
151,2041,Directed
151,634,Directed
1752,1708,Directed
2013,2046,Directed
852,104,Directed
852,354,Directed
245,12,Directed
245,1521,Directed
245,1773,Directed
245,1728,Directed
245,1505,Directed
245,1794,Directed
245,1931,Directed
245,1587,Directed
245,1875,Directed
537,532,Directed
537,253,Directed
537,508,Directed
537,322,Directed
537,235,Directed
537,273,Directed
2026,177,Directed
2026,492,Directed
2044,272,Directed
1286,235,Directed
1286,272,Directed
1600,265,Directed
1600,114,Directed
683,978,Directed
683,1363,Directed
485,769,Directed
485,84,Directed
902,105,Directed
1558,731,Directed
578,12,Directed
578,268,Directed
578,683,Directed
578,1670,Directed
1780,12,Directed
1780,1162,Directed
488,1878,Directed
488,1854,Directed
488,1882,Directed
488,326,Directed
488,1751,Directed
488,1900,Directed
488,77,Directed
488,81,Directed
488,1884,Directed
488,1904,Directed
488,1893,Directed
488,145,Directed
488,1862,Directed
488,104,Directed
488,168,Directed
488,262,Directed
488,1892,Directed
488,197,Directed
1617,1698,Directed
478,1978,Directed
478,379,Directed
1620,293,Directed
1620,177,Directed
1620,1819,Directed
1807,795,Directed
1658,1403,Directed
1658,1655,Directed
1494,795,Directed
1691,1403,Directed
1691,1658,Directed
1691,933,Directed
1691,1655,Directed
1691,1433,Directed
795,1817,Directed
1727,1403,Directed
1727,1658,Directed
1727,933,Directed
1727,1655,Directed
1727,1433,Directed
1851,1554,Directed
1868,1620,Directed
1765,1403,Directed
1765,1816,Directed
1765,1628,Directed
1445,795,Directed
1445,1666,Directed
1445,933,Directed
1445,1494,Directed
1445,1619,Directed
1680,1554,Directed
1860,795,Directed
1782,1825,Directed
1433,1429,Directed
1433,1403,Directed
1433,1719,Directed
1433,933,Directed
1433,1628,Directed
933,1429,Directed
1619,1494,Directed
1843,1429,Directed
1843,933,Directed
1058,1343,Directed
66,3,Directed
66,1435,Directed
66,1684,Directed
66,137,Directed
66,1650,Directed
66,1004,Directed
1004,1435,Directed
1004,1788,Directed
20,373,Directed
20,937,Directed
20,57,Directed
20,730,Directed
20,2108,Directed
20,1543,Directed
20,247,Directed
33,1766,Directed
33,12,Directed
33,1707,Directed
33,1556,Directed
33,59,Directed
33,1488,Directed
1046,753,Directed
1046,453,Directed
1970,1810,Directed
1970,1336,Directed
1970,2174,Directed
1624,1751,Directed
1624,57,Directed
1624,20,Directed
1624,104,Directed
1624,1859,Directed
1252,168,Directed
1230,1510,Directed
315,1400,Directed
315,1870,Directed
315,853,Directed
315,1922,Directed
315,244,Directed
315,1960,Directed
315,1800,Directed
315,1897,Directed
315,1563,Directed
1874,373,Directed
1874,1563,Directed
35,12,Directed
35,578,Directed
35,1337,Directed
35,70,Directed
35,191,Directed
35,126,Directed
35,51,Directed
1802,1634,Directed
1802,1471,Directed
1171,35,Directed
1171,1802,Directed
1171,12,Directed
1171,1742,Directed
1171,2008,Directed
1171,2159,Directed
1171,362,Directed
1927,1794,Directed
347,89,Directed
347,1462,Directed
81,386,Directed
81,1447,Directed
81,462,Directed
1830,23,Directed
1306,1585,Directed
2145,343,Directed
1725,217,Directed
286,2180,Directed
286,1731,Directed
286,1730,Directed
640,1391,Directed
640,1876,Directed
640,1718,Directed
640,224,Directed
640,1673,Directed
640,1589,Directed
1584,1786,Directed
1581,640,Directed
1581,131,Directed
1581,1589,Directed
2118,2122,Directed
2114,1858,Directed
1662,3,Directed
1635,3,Directed
2006,2067,Directed
2006,1016,Directed
2006,2064,Directed
2006,1806,Directed
1985,1016,Directed
1985,1806,Directed
2014,1016,Directed
2014,2107,Directed
2014,1806,Directed
2022,1016,Directed
2022,1806,Directed
1990,1016,Directed
1990,1806,Directed
2113,1016,Directed
2113,1806,Directed
1994,2067,Directed
1994,1016,Directed
1994,1806,Directed
2020,1016,Directed
2020,1806,Directed
2100,1016,Directed
2100,2064,Directed
2100,1806,Directed
1984,2067,Directed
1984,1016,Directed
1984,2064,Directed
1984,1806,Directed
1511,113,Directed
2138,2087,Directed
2045,1023,Directed
2045,1952,Directed
2045,562,Directed
2045,3,Directed
2042,2004,Directed
2042,2047,Directed
2042,2028,Directed
2042,1023,Directed
2042,562,Directed
2042,3,Directed
2047,1023,Directed
2047,1952,Directed
2047,562,Directed
2047,3,Directed
2182,1575,Directed
2182,114,Directed
2182,1974,Directed
1903,1863,Directed
1804,271,Directed
2151,2163,Directed
2151,2079,Directed
2163,2079,Directed
1929,1809,Directed
1929,3,Directed
1824,17,Directed
1824,1520,Directed
1824,7,Directed
1824,3,Directed
1864,1790,Directed
1864,7,Directed
1864,3,Directed
1803,3,Directed
839,3,Directed
839,17,Directed
839,339,Directed
1910,3,Directed
1910,17,Directed
1910,339,Directed
1987,3,Directed
1979,88,Directed
1979,3,Directed
2058,3,Directed
2058,294,Directed
2058,179,Directed
1544,627,Directed
1544,427,Directed
1544,1305,Directed
627,1557,Directed
627,1501,Directed
627,427,Directed
627,1969,Directed
627,1305,Directed
1501,427,Directed
2041,1449,Directed
634,1601,Directed
634,263,Directed
1728,1773,Directed
1670,23,Directed
1978,464,Directed
1825,1916,Directed
1343,224,Directed
1435,3,Directed
1684,3,Directed
137,3,Directed
137,1435,Directed
137,187,Directed
137,1684,Directed
137,1650,Directed
137,1814,Directed
137,1880,Directed
1650,3,Directed
1650,1435,Directed
730,57,Directed
730,2108,Directed
730,1519,Directed
1543,247,Directed
1543,57,Directed
1556,1421,Directed
1556,200,Directed
1488,1585,Directed
1488,23,Directed
1870,373,Directed
1897,373,Directed
1897,1563,Directed
1563,1177,Directed
1563,1800,Directed
70,278,Directed
70,12,Directed
70,294,Directed
70,179,Directed
70,200,Directed
70,133,Directed
70,812,Directed
70,269,Directed
386,1465,Directed
386,1001,Directed
386,1908,Directed
386,1901,Directed
386,1906,Directed
386,1090,Directed
386,462,Directed
386,1891,Directed
386,459,Directed
1447,1828,Directed
1447,1886,Directed
1447,462,Directed
1447,897,Directed
2180,207,Directed
2180,1733,Directed
2107,1311,Directed
2107,177,Directed
1809,1896,Directed
1790,839,Directed
1790,7,Directed
1790,1645,Directed
1790,3,Directed
1557,427,Directed
1557,1305,Directed
1449,1686,Directed
1601,1756,Directed
1519,1336,Directed
133,1921,Directed
133,278,Directed
133,12,Directed
133,1273,Directed
133,294,Directed
133,179,Directed
133,308,Directed
133,269,Directed
1465,459,Directed
1908,462,Directed
1901,462,Directed
1906,1001,Directed
1891,1090,Directed
1828,1886,Directed
1828,462,Directed
1828,809,Directed
1273,1942,Directed
1273,1270,Directed
1273,12,Directed
308,442,Directed
308,1741,Directed
442,1236,Directed
442,271,Directed
442,524,Directed
